;NU_ANO;NU_MES;CO_IBGE;NO_ENTE;SG_UF;CO_COMP_MASSA;CO_TIPO_FUNDO;CNPJ_ORGAO;NO_ORGAO;CO_PODER;CO_TIPO_PODER;CO_TIPO_INSTITUIDOR;ID_INSTITUIDOR_MATRICULA;ID_INSTITUIDOR_CPF;ID_INSTITUIDOR_PIS_PASEP;CO_SEXO_INSTITUIDOR;DT_NASC_INSTITUIDOR;DT_OBITO_INSTITUIDOR;ID_PENSIONISTA_MATRICULA;ID_PENSIONISTA_CPF;CO_SEXO_PENSIONISTA;DT_NASC_PENSIONISTA;CO_TIPO_RELACAO;DT_INICIO_PENSAO;VL_BENEF_PENSAO;VL_TOT_PENSAO;VL_PCT_QUOTA;VL_CONTRIBUICAO;VL_COMPENS_PREVID;IN_PARID_SERV;CO_CONDICAO;CO_DURACAO;NU_TEMPO_DURACAO;IN_PREV_COMP;VL_TETO_ESPECIFICO
0;2021;12;2306504;Itapiúna;Ceará;1;1;3333333;Instituto;1;1;2;falecidos_1;65276;65276;2;1989-10-28;2020-11-20;pens_1;65276;1;2012-12-26;2;2020-11-20;4717.59;4717.59;1;0;0;2;1;2;13;2;29000
1;2021;12;2306504;Itapiúna;Ceará;1;1;3333333;Instituto;1;1;2;falecidos_2;65277;65277;1;1957-10-24;2017-10-14;pens_2;65277;1;1978-11-13;1;2017-10-14;4976.62;4976.62;1;0;0;2;1;1;0;2;29000
2;2021;12;2306504;Itapiúna;Ceará;1;1;3333333;Instituto;1;1;2;falecidos_3;65278;65278;1;1950-10-15;2005-11-15;pens_3;65278;2;1976-10-22;1;2005-11-15;3043.72;3043.72;1;0;0;2;1;1;0;2;29000
3;2021;12;2306504;Itapiúna;Ceará;1;1;3333333;Instituto;1;1;2;falecidos_4;65279;65279;1;1955-11-17;1985-10-17;pens_4;65279;1;2014-10-12;2;1985-10-17;3791.64;3791.64;1;0;0;2;1;2;15;2;29000
4;2021;12;2306504;Itapiúna;Ceará;1;1;3333333;Instituto;1;1;2;falecidos_5;65280;65280;2;1988-12-22;2020-10-11;pens_5;65280;1;1989-12-10;1;2020-10-11;4157.9;4157.9;1;0;0;2;1;1;0;2;29000
5;2021;12;2306504;Itapiúna;Ceará;1;1;3333333;Instituto;1;1;2;falecidos_6;65281;65281;1;1977-10-27;2020-11-26;pens_6;65281;2;1976-11-22;1;2020-11-26;2921.6;2921.6;1;0;0;2;1;1;0;2;29000
6;2021;12;2306504;Itapiúna;Ceará;1;1;3333333;Instituto;1;1;2;falecidos_7;65282;65282;1;1959-11-10;2020-12-10;pens_7;65282;1;1978-10-28;1;2020-12-10;4755.25;4755.25;1;0;0;2;1;1;0;2;29000
7;2021;12;2306504;Itapiúna;Ceará;1;1;3333333;Instituto;1;1;1;falecidos_8;65283;65283;2;1956-11-10;1981-11-11;pens_8;65283;1;1982-10-17;1;1981-11-11;4118.38;4118.38;1;0;0;2;1;1;0;2;29000
8;2021;12;2306504;Itapiúna;Ceará;1;1;3333333;Instituto;1;1;1;falecidos_9;65284;65284;2;1953-11-19;1994-11-14;pens_9;65284;2;1980-10-12;1;1994-11-14;3973.15;3973.15;1;0;0;2;1;1;0;2;29000
9;2021;12;2306504;Itapiúna;Ceará;1;1;3333333;Instituto;1;1;1;falecidos_10;65285;65285;1;1975-10-20;2002-11-21;pens_10;65285;1;1984-12-22;1;2002-11-21;3698.22;3698.22;1;0;0;2;1;1;0;2;29000
10;2021;12;2306504;Itapiúna;Ceará;1;1;3333333;Instituto;1;1;1;falecidos_11;65286;65286;2;1974-10-25;2020-10-25;pens_11;65286;2;1986-10-18;1;2020-10-25;2612.85;2612.85;1;0;0;2;1;1;0;2;29000
11;2021;12;2306504;Itapiúna;Ceará;1;1;3333333;Instituto;1;1;2;falecidos_12;65287;65287;2;1980-10-10;2013-12-27;pens_12;65287;1;1975-11-15;1;2013-12-27;4433.4;4433.4;1;0;0;2;1;1;0;2;29000
12;2021;12;2306504;Itapiúna;Ceará;1;1;3333333;Instituto;1;1;2;falecidos_13;65288;65288;1;1962-11-24;2017-11-13;pens_13;65288;1;2011-10-28;2;2017-11-13;3082.6;3082.6;1;0;0;2;1;2;12;2;29000
13;2021;12;2306504;Itapiúna;Ceará;1;1;3333333;Instituto;1;1;2;falecidos_14;65289;65289;1;1968-10-25;1995-10-10;pens_14;65289;2;1972-10-10;1;1995-10-10;5744.0;5744.0;1;0;0;2;1;1;0;2;29000
14;2021;12;2306504;Itapiúna;Ceará;1;1;3333333;Instituto;1;1;2;falecidos_15;65290;65290;2;1977-12-17;2006-10-11;pens_15;65290;2;1985-11-16;1;2006-10-11;4096.58;4096.58;1;0;0;2;1;1;0;2;29000
15;2021;12;2306504;Itapiúna;Ceará;1;1;3333333;Instituto;1;1;2;falecidos_16;65291;65291;1;1955-11-26;2009-10-12;pens_16;65291;1;1982-10-12;1;2009-10-12;2604.15;2604.15;1;0;0;2;1;1;0;2;29000
16;2021;12;2306504;Itapiúna;Ceará;1;1;3333333;Instituto;1;1;2;falecidos_17;65292;65292;2;1957-10-24;2020-11-24;pens_17;65292;1;2015-11-15;2;2020-11-24;2849.51;2849.51;1;0;0;2;1;2;16;2;29000
17;2021;12;2306504;Itapiúna;Ceará;1;1;3333333;Instituto;1;1;2;falecidos_18;65293;65293;1;1989-12-18;2020-12-16;pens_18;65293;2;2011-12-13;2;2020-12-16;2600.29;2600.29;1;0;0;2;1;2;12;2;29000
18;2021;12;2306504;Itapiúna;Ceará;1;1;3333333;Instituto;1;1;2;falecidos_19;65294;65294;2;1977-12-13;2020-12-17;pens_19;65294;2;2013-12-18;2;2020-12-17;3352.68;3352.68;1;0;0;2;1;2;14;2;29000
19;2021;12;2306504;Itapiúna;Ceará;1;1;3333333;Instituto;1;1;1;falecidos_20;65295;65295;2;1989-12-21;2020-12-23;pens_20;65295;1;2015-10-22;2;2020-12-23;2190.59;2190.59;1;0;0;2;1;2;16;2;29000
20;2021;12;2306504;Itapiúna;Ceará;1;1;3333333;Instituto;1;1;1;falecidos_21;65296;65296;1;1964-12-27;2020-10-28;pens_21;65296;1;2015-12-17;2;2020-10-28;5347.31;5347.31;1;0;0;2;1;2;16;2;29000
21;2021;12;2306504;Itapiúna;Ceará;1;1;3333333;Instituto;1;1;1;falecidos_22;65297;65297;1;1958-11-10;2020-10-12;pens_22;65297;2;2011-10-13;2;2020-10-12;3526.96;3526.96;1;0;0;2;1;2;12;2;29000
22;2021;12;2306504;Itapiúna;Ceará;1;1;3333333;Instituto;1;1;1;falecidos_23;65298;65298;1;1980-10-13;2007-10-10;pens_23;65298;2;2011-11-16;2;2007-10-10;4292.64;4292.64;1;0;0;2;1;2;12;2;29000
23;2021;12;2306504;Itapiúna;Ceará;1;1;3333333;Instituto;1;1;2;falecidos_24;65299;65299;1;1973-10-26;2020-12-25;pens_24;65299;2;2014-10-15;2;2020-12-25;3208.35;3208.35;1;0;0;2;1;2;15;2;29000
24;2021;12;2306504;Itapiúna;Ceará;1;1;3333333;Instituto;1;1;2;falecidos_25;65300;65300;1;1955-10-11;2020-12-14;pens_25;65300;1;1986-11-22;1;2020-12-14;4157.94;4157.94;1;0;0;2;1;1;0;2;29000
25;2021;12;2306504;Itapiúna;Ceará;1;1;3333333;Instituto;1;1;2;falecidos_26;65301;65301;2;1979-10-22;2020-11-12;pens_26;65301;2;1980-12-22;1;2020-11-12;3623.39;3623.39;1;0;0;2;1;1;0;2;29000
26;2021;12;2306504;Itapiúna;Ceará;1;1;3333333;Instituto;1;1;2;falecidos_27;65302;65302;1;1990-10-14;2020-12-23;pens_27;65302;2;1986-12-27;1;2020-12-23;3677.2279207920787;595.25;1;0;0;2;1;1;0;2;29000
27;2021;12;2306504;Itapiúna;Ceará;1;1;3333333;Instituto;1;1;2;falecidos_28;65303;65303;2;1990-12-16;2020-11-26;pens_28;65303;2;1986-11-11;1;2020-11-26;3229.77;3229.77;1;0;0;2;1;1;0;2;29000
28;2021;12;2306504;Itapiúna;Ceará;1;1;3333333;Instituto;1;1;2;falecidos_29;65304;65304;1;1959-11-25;2000-11-10;pens_29;65304;1;2014-11-18;2;2000-11-10;6478.94;6478.94;1;0;0;2;1;2;15;2;29000
29;2021;12;2306504;Itapiúna;Ceará;1;1;3333333;Instituto;1;1;2;falecidos_30;65305;65305;2;1968-10-22;2020-12-14;pens_30;65305;1;1982-12-26;1;2020-12-14;4819.85;4819.85;1;0;0;2;1;1;0;2;29000
30;2021;12;2306504;Itapiúna;Ceará;1;1;3333333;Instituto;1;1;2;falecidos_31;65306;65306;1;1982-10-16;2020-10-14;pens_31;65306;1;1988-11-25;1;2020-10-14;5051.65;5051.65;1;0;0;2;1;1;0;2;29000
31;2021;12;2306504;Itapiúna;Ceará;1;1;3333333;Instituto;1;1;1;falecidos_32;65307;65307;2;1988-10-14;2019-12-25;pens_32;65307;1;2014-11-11;2;2019-12-25;4089.68;4089.68;1;0;0;2;1;2;15;2;29000
32;2021;12;2306504;Itapiúna;Ceará;1;1;3333333;Instituto;1;1;1;falecidos_33;65308;65308;1;1961-10-23;2020-10-17;pens_33;65308;2;1982-11-12;1;2020-10-17;4123.92;4123.92;1;0;0;2;1;1;0;2;29000
33;2021;12;2306504;Itapiúna;Ceará;1;1;3333333;Instituto;1;1;2;falecidos_34;65309;65309;1;1978-10-12;2020-11-25;pens_34;65309;1;2014-12-21;2;2020-11-25;4316.19;4316.19;1;0;0;2;1;2;15;2;29000
34;2021;12;2306504;Itapiúna;Ceará;1;1;3333333;Instituto;1;1;1;falecidos_35;65310;65310;1;1976-10-20;2019-12-25;pens_35;65310;2;1980-10-27;1;2019-12-25;3919.5;3919.5;1;0;0;2;1;1;0;2;29000
35;2021;12;2306504;Itapiúna;Ceará;1;1;3333333;Instituto;1;1;2;falecidos_36;65311;65311;1;1986-11-23;2020-12-25;pens_36;65311;2;2012-10-12;2;2020-12-25;2277.65;2277.65;1;0;0;2;1;2;13;2;29000
36;2021;12;2306504;Itapiúna;Ceará;1;1;3333333;Instituto;1;1;2;falecidos_37;65312;65312;1;1953-11-17;1985-11-14;pens_37;65312;1;2012-12-23;2;1985-11-14;3627.252417582418;1199.51;1;0;0;2;1;2;13;2;29000
37;2021;12;2306504;Itapiúna;Ceará;1;1;3333333;Instituto;1;1;1;falecidos_38;65313;65313;1;1955-10-14;1980-10-15;pens_38;65313;1;1990-11-24;1;1980-10-15;2599.52;2599.52;1;0;0;2;1;1;0;2;29000
38;2021;12;2306504;Itapiúna;Ceará;1;1;3333333;Instituto;1;1;2;falecidos_39;65314;65314;2;1957-12-28;2020-12-25;pens_39;65314;2;2014-11-10;2;2020-12-25;3783.43;3783.43;1;0;0;2;1;2;15;2;29000
39;2021;12;2306504;Itapiúna;Ceará;1;1;3333333;Instituto;1;1;2;falecidos_40;65315;65315;1;1957-12-23;1983-11-21;pens_40;65315;1;1988-11-25;1;1983-11-21;3975.55;3975.55;1;0;0;2;1;1;0;2;29000
40;2021;12;2306504;Itapiúna;Ceará;1;1;3333333;Instituto;1;1;2;falecidos_41;65316;65316;1;1982-10-15;2020-10-13;pens_41;65316;2;2012-12-27;2;2020-10-13;4956.49;4956.49;1;0;0;2;1;2;13;2;29000
41;2021;12;2306504;Itapiúna;Ceará;1;1;3333333;Instituto;1;1;1;falecidos_42;65317;65317;1;1985-10-13;2020-10-27;pens_42;65317;1;1973-10-12;1;2020-10-27;3172.8;3172.8;1;0;0;2;1;1;0;2;29000
42;2021;12;2306504;Itapiúna;Ceará;1;1;3333333;Instituto;1;1;1;falecidos_43;65318;65318;2;1988-12-22;2020-10-20;pens_43;65318;1;2014-12-13;2;2020-10-20;5071.31;5071.31;1;0;0;2;1;2;15;2;29000
43;2021;12;2306504;Itapiúna;Ceará;1;1;3333333;Instituto;1;1;2;falecidos_44;65319;65319;1;1968-12-18;1993-11-25;pens_44;65319;2;1972-11-27;1;1993-11-25;3389.53;3389.53;1;0;0;2;1;1;0;2;29000
44;2021;12;2306504;Itapiúna;Ceará;1;1;3333333;Instituto;1;1;1;falecidos_45;65320;65320;1;1975-12-17;2020-10-20;pens_45;65320;2;1987-11-28;1;2020-10-20;2904.84;2904.84;1;0;0;2;1;1;0;2;29000
45;2021;12;2306504;Itapiúna;Ceará;1;1;3333333;Instituto;1;1;1;falecidos_46;65321;65321;2;1953-10-24;2020-10-22;pens_46;65321;2;1973-12-23;1;2020-10-22;2070.51;2070.51;1;0;0;2;1;1;0;2;29000
46;2021;12;2306504;Itapiúna;Ceará;1;1;3333333;Instituto;1;1;1;falecidos_47;65322;65322;1;1977-10-18;2020-11-17;pens_47;65322;1;1974-12-10;1;2020-11-17;1710.04;1710.04;1;0;0;2;1;1;0;2;29000
47;2021;12;2306504;Itapiúna;Ceará;1;1;3333333;Instituto;1;1;2;falecidos_48;65323;65323;2;1979-12-19;2004-11-19;pens_48;65323;1;1979-10-17;1;2004-11-19;3743.0549333333342;93.93;1;0;0;2;1;1;0;2;29000
48;2021;12;2306504;Itapiúna;Ceará;1;1;3333333;Instituto;1;1;1;falecidos_49;65324;65324;1;1966-11-13;2001-12-22;pens_49;65324;1;2012-11-11;2;2001-12-22;4029.85;4029.85;1;0;0;2;1;2;13;2;29000
49;2021;12;2306504;Itapiúna;Ceará;1;1;3333333;Instituto;1;1;2;falecidos_50;65325;65325;2;1983-11-27;2020-11-15;pens_50;65325;2;2015-12-18;2;2020-11-15;4413.28;4413.28;1;0;0;2;1;2;16;2;29000
50;2021;12;2306504;Itapiúna;Ceará;1;1;3333333;Instituto;1;1;1;falecidos_51;65326;65326;2;1952-12-20;2012-11-16;pens_51;65326;1;2015-10-14;2;2012-11-16;2441.17;2441.17;1;0;0;2;1;2;16;2;29000
51;2021;12;2306504;Itapiúna;Ceará;1;1;3333333;Instituto;1;1;2;falecidos_52;65327;65327;2;1961-11-20;1996-11-18;pens_52;65327;1;1977-10-14;1;1996-11-18;3065.69;3065.69;1;0;0;2;1;1;0;2;29000
52;2021;12;2306504;Itapiúna;Ceará;1;1;3333333;Instituto;1;1;2;falecidos_53;65328;65328;2;1952-11-26;2008-11-28;pens_53;65328;2;1983-11-24;1;2008-11-28;2217.53;2217.53;1;0;0;2;1;1;0;2;29000
53;2021;12;2306504;Itapiúna;Ceará;1;1;3333333;Instituto;1;1;1;falecidos_54;65329;65329;1;1965-12-25;2020-12-13;pens_54;65329;2;1973-11-25;1;2020-12-13;3131.49;3131.49;1;0;0;2;1;1;0;2;29000
54;2021;12;2306504;Itapiúna;Ceará;1;1;3333333;Instituto;1;1;2;falecidos_55;65330;65330;2;1974-10-13;2020-11-25;pens_55;65330;1;2010-11-22;2;2020-11-25;4478.55;4478.55;1;0;0;2;1;2;11;2;29000
55;2021;12;2306504;Itapiúna;Ceará;1;1;3333333;Instituto;1;1;2;falecidos_56;65331;65331;2;1954-12-18;1989-11-11;pens_56;65331;2;1989-10-15;1;1989-11-11;5044.86;5044.86;1;0;0;2;1;1;0;2;29000
56;2021;12;2306504;Itapiúna;Ceará;1;1;3333333;Instituto;1;1;2;falecidos_57;65332;65332;2;1972-11-27;2003-11-18;pens_57;65332;1;2010-12-27;2;2003-11-18;3149.57;3149.57;1;0;0;2;1;2;11;2;29000
57;2021;12;2306504;Itapiúna;Ceará;1;1;3333333;Instituto;1;1;2;falecidos_58;65333;65333;1;1988-10-25;2020-11-14;pens_58;65333;1;2011-11-22;2;2020-11-14;1654.27;1654.27;1;0;0;2;1;2;12;2;29000
58;2021;12;2306504;Itapiúna;Ceará;1;1;3333333;Instituto;1;1;2;falecidos_59;65334;65334;1;1981-12-16;2020-11-27;pens_59;65334;2;1980-12-13;1;2020-11-27;3028.16;3028.16;1;0;0;2;1;1;0;2;29000
59;2021;12;2306504;Itapiúna;Ceará;1;1;3333333;Instituto;1;1;2;falecidos_60;65335;65335;1;1979-10-22;2020-11-22;pens_60;65335;1;1979-12-22;1;2020-11-22;5275.04;5275.04;1;0;0;2;1;1;0;2;29000
60;2021;12;2306504;Itapiúna;Ceará;1;1;3333333;Instituto;1;1;1;falecidos_61;65336;65336;1;1974-10-16;2020-10-11;pens_61;65336;2;1982-12-28;1;2020-10-11;4321.51;4321.51;1;0;0;2;1;1;0;2;29000
61;2021;12;2306504;Itapiúna;Ceará;1;1;3333333;Instituto;1;1;2;falecidos_62;65337;65337;2;1988-10-25;2020-12-10;pens_62;65337;1;1981-11-14;1;2020-12-10;3131.94;3131.94;1;0;0;2;1;1;0;2;29000
62;2021;12;2306504;Itapiúna;Ceará;1;1;3333333;Instituto;1;1;2;falecidos_63;65338;65338;1;1952-10-26;2020-10-19;pens_63;65338;1;1970-11-23;1;2020-10-19;3395.73;3395.73;1;0;0;2;1;1;0;2;29000
63;2021;12;2306504;Itapiúna;Ceará;1;1;3333333;Instituto;1;1;2;falecidos_64;65339;65339;1;1981-10-22;2020-10-16;pens_64;65339;1;1972-11-16;1;2020-10-16;5220.07;5220.07;1;0;0;2;1;1;0;2;29000
64;2021;12;2306504;Itapiúna;Ceará;1;1;3333333;Instituto;1;1;1;falecidos_65;65340;65340;2;1983-11-26;2020-11-21;pens_65;65340;1;2013-12-18;2;2020-11-21;3935.51;3935.51;1;0;0;2;1;2;14;2;29000
65;2021;12;2306504;Itapiúna;Ceará;1;1;3333333;Instituto;1;1;2;falecidos_66;65341;65341;1;1966-11-21;2020-12-22;pens_66;65341;2;1988-11-26;1;2020-12-22;5068.26;5068.26;1;0;0;2;1;1;0;2;29000
66;2021;12;2306504;Itapiúna;Ceará;1;1;3333333;Instituto;1;1;1;falecidos_67;65342;65342;2;1952-12-13;2002-12-14;pens_67;65342;1;1986-12-23;1;2002-12-14;3038.77;3038.77;1;0;0;2;1;1;0;2;29000
67;2021;12;2306504;Itapiúna;Ceará;1;1;3333333;Instituto;1;1;1;falecidos_68;65343;65343;2;1951-11-27;2008-10-13;pens_68;65343;2;1987-10-13;1;2008-10-13;2661.99;2661.99;1;0;0;2;1;1;0;2;29000
68;2021;12;2306504;Itapiúna;Ceará;1;1;3333333;Instituto;1;1;2;falecidos_69;65344;65344;2;1968-10-16;2020-11-11;pens_69;65344;1;1986-10-28;1;2020-11-11;3337.21;3337.21;1;0;0;2;1;1;0;2;29000
69;2021;12;2306504;Itapiúna;Ceará;1;1;3333333;Instituto;1;1;2;falecidos_70;65345;65345;1;1967-10-21;2020-12-16;pens_70;65345;2;1990-10-24;1;2020-12-16;3619.06;3619.06;1;0;0;2;1;1;0;2;29000
70;2021;12;2306504;Itapiúna;Ceará;1;1;3333333;Instituto;1;1;2;falecidos_71;65346;65346;1;1950-11-14;2010-10-21;pens_71;65346;2;1978-11-14;1;2010-10-21;3677.2279207920787;-310.74;1;0;0;2;1;1;0;2;29000
71;2021;12;2306504;Itapiúna;Ceará;1;1;3333333;Instituto;1;1;1;falecidos_72;65347;65347;1;1972-12-28;2020-11-25;pens_72;65347;2;2014-10-15;2;2020-11-25;3253.31;3253.31;1;0;0;2;1;2;15;2;29000
72;2021;12;2306504;Itapiúna;Ceará;1;1;3333333;Instituto;1;1;2;falecidos_73;65348;65348;2;1963-12-11;2020-10-10;pens_73;65348;2;2011-11-27;2;2020-10-10;6248.74;6248.74;1;0;0;2;1;2;12;2;29000
73;2021;12;2306504;Itapiúna;Ceará;1;1;3333333;Instituto;1;1;2;falecidos_74;65349;65349;1;1976-12-25;2020-12-14;pens_74;65349;1;1990-12-21;1;2020-12-14;4272.04;4272.04;1;0;0;2;1;1;0;2;29000
74;2021;12;2306504;Itapiúna;Ceará;1;1;3333333;Instituto;1;1;2;falecidos_75;65350;65350;2;1956-12-23;1990-12-28;pens_75;65350;1;2013-12-26;2;1990-12-28;3070.54;3070.54;1;0;0;2;1;2;14;2;29000
75;2021;12;2306504;Itapiúna;Ceará;1;1;3333333;Instituto;1;1;2;falecidos_76;65351;65351;1;1984-12-11;2020-11-13;pens_76;65351;2;1974-11-22;1;2020-11-13;1692.62;1692.62;1;0;0;2;1;1;0;2;29000
76;2021;12;2306504;Itapiúna;Ceará;1;1;3333333;Instituto;1;1;2;falecidos_77;65352;65352;1;1977-11-28;2020-12-10;pens_77;65352;1;1978-12-15;1;2020-12-10;4967.94;4967.94;1;0;0;2;1;1;0;2;29000
77;2021;12;2306504;Itapiúna;Ceará;1;1;3333333;Instituto;1;1;1;falecidos_78;65353;65353;1;1967-12-11;2020-12-10;pens_78;65353;1;1984-11-16;1;2020-12-10;4115.48;4115.48;1;0;0;2;1;1;0;2;29000
78;2021;12;2306504;Itapiúna;Ceará;1;1;3333333;Instituto;1;1;2;falecidos_79;65354;65354;1;1953-10-21;2020-11-13;pens_79;65354;2;2011-12-22;2;2020-11-13;2379.69;2379.69;1;0;0;2;1;2;12;2;29000
79;2021;12;2306504;Itapiúna;Ceará;1;1;3333333;Instituto;1;1;2;falecidos_80;65355;65355;1;1972-10-17;2020-11-17;pens_80;65355;1;1984-10-19;1;2020-11-17;2682.79;2682.79;1;0;0;2;1;1;0;2;29000
80;2021;12;2306504;Itapiúna;Ceará;1;1;3333333;Instituto;1;1;2;falecidos_81;65356;65356;1;1990-11-19;2020-10-15;pens_81;65356;1;1990-10-27;1;2020-10-15;2401.31;2401.31;1;0;0;2;1;1;0;2;29000
81;2021;12;2306504;Itapiúna;Ceará;1;1;3333333;Instituto;1;1;2;falecidos_82;65357;65357;1;1950-12-28;2020-10-11;pens_82;65357;1;2013-11-15;2;2020-10-11;5307.39;5307.39;1;0;0;2;1;2;14;2;29000
82;2021;12;2306504;Itapiúna;Ceará;1;1;3333333;Instituto;1;1;2;falecidos_83;65358;65358;2;1972-11-18;2008-11-11;pens_83;65358;2;1974-10-28;1;2008-11-11;3418.64;3418.64;1;0;0;2;1;1;0;2;29000
83;2021;12;2306504;Itapiúna;Ceará;1;1;3333333;Instituto;1;1;1;falecidos_84;65359;65359;1;1984-12-26;2020-12-25;pens_84;65359;1;1977-12-17;1;2020-12-25;3425.54;3425.54;1;0;0;2;1;1;0;2;29000
84;2021;12;2306504;Itapiúna;Ceará;1;1;3333333;Instituto;1;1;2;falecidos_85;65360;65360;2;1985-10-22;2020-10-26;pens_85;65360;2;1970-12-26;1;2020-10-26;4916.77;4916.77;1;0;0;2;1;1;0;2;29000
85;2021;12;2306504;Itapiúna;Ceará;1;1;3333333;Instituto;1;1;1;falecidos_86;65361;65361;1;1955-10-12;1984-12-16;pens_86;65361;1;1980-12-10;1;1984-12-16;5104.39;5104.39;1;0;0;2;1;1;0;2;29000
86;2021;12;2306504;Itapiúna;Ceará;1;1;3333333;Instituto;1;1;1;falecidos_87;65362;65362;2;1954-12-17;2020-12-26;pens_87;65362;2;2012-12-27;2;2020-12-26;5279.6;5279.6;1;0;0;2;1;2;13;2;29000
87;2021;12;2306504;Itapiúna;Ceará;1;1;3333333;Instituto;1;1;2;falecidos_88;65363;65363;2;1952-11-21;1978-11-15;pens_88;65363;2;2013-10-23;2;1978-11-15;4630.43;4630.43;1;0;0;2;1;2;14;2;29000
88;2021;12;2306504;Itapiúna;Ceará;1;1;3333333;Instituto;1;1;1;falecidos_89;65364;65364;2;1980-12-12;2020-11-17;pens_89;65364;1;1977-12-24;1;2020-11-17;4341.21;4341.21;1;0;0;2;1;1;0;2;29000
89;2021;12;2306504;Itapiúna;Ceará;1;1;3333333;Instituto;1;1;2;falecidos_90;65365;65365;1;1968-12-12;2020-10-26;pens_90;65365;2;1988-12-22;1;2020-10-26;3247.86;3247.86;1;0;0;2;1;1;0;2;29000
90;2021;12;2306504;Itapiúna;Ceará;1;1;3333333;Instituto;1;1;2;falecidos_91;65366;65366;2;1957-11-17;1996-11-18;pens_91;65366;1;1977-12-26;1;1996-11-18;3970.97;3970.97;1;0;0;2;1;1;0;2;29000
91;2021;12;2306504;Itapiúna;Ceará;1;1;3333333;Instituto;1;1;1;falecidos_92;65367;65367;2;1961-11-25;2019-10-11;pens_92;65367;2;1971-12-19;1;2019-10-11;5397.78;5397.78;1;0;0;2;1;1;0;2;29000
92;2021;12;2306504;Itapiúna;Ceará;1;1;3333333;Instituto;1;1;1;falecidos_93;65368;65368;1;1983-11-12;2020-10-16;pens_93;65368;1;2014-12-22;2;2020-10-16;4439.37;4439.37;1;0;0;2;1;2;15;2;29000
93;2021;12;2306504;Itapiúna;Ceará;1;1;3333333;Instituto;1;1;2;falecidos_94;65369;65369;1;1955-12-22;2018-10-18;pens_94;65369;2;2012-10-21;2;2018-10-18;4797.72;4797.72;1;0;0;2;1;2;13;2;29000
94;2021;12;2306504;Itapiúna;Ceará;1;1;3333333;Instituto;1;1;2;falecidos_95;65370;65370;2;1978-12-12;2005-12-28;pens_95;65370;1;1979-10-20;1;2005-12-28;2077.87;2077.87;1;0;0;2;1;1;0;2;29000
95;2021;12;2306504;Itapiúna;Ceará;1;1;3333333;Instituto;1;1;1;falecidos_96;65371;65371;1;1983-10-19;2020-11-14;pens_96;65371;1;1989-11-10;1;2020-11-14;2637.6;2637.6;1;0;0;2;1;1;0;2;29000
96;2021;12;2306504;Itapiúna;Ceará;1;1;3333333;Instituto;1;1;2;falecidos_97;65372;65372;1;1983-10-19;2018-12-16;pens_97;65372;2;1986-11-15;1;2018-12-16;3442.76;3442.76;1;0;0;2;1;1;0;2;29000
97;2021;12;2306504;Itapiúna;Ceará;1;1;3333333;Instituto;1;1;2;falecidos_98;65373;65373;1;1979-11-27;2020-10-25;pens_98;65373;2;1986-10-26;1;2020-10-25;2089.12;2089.12;1;0;0;2;1;1;0;2;29000
98;2021;12;2306504;Itapiúna;Ceará;1;1;3333333;Instituto;1;1;2;falecidos_99;65374;65374;1;1968-11-22;2020-10-11;pens_99;65374;1;2014-10-26;2;2020-10-11;4054.03;4054.03;1;0;0;2;1;2;15;2;29000
99;2021;12;2306504;Itapiúna;Ceará;1;1;3333333;Instituto;1;1;2;falecidos_100;65375;65375;1;1975-10-26;2019-12-10;pens_100;65375;1;1990-12-10;1;2019-12-10;4460.82;4460.82;1;0;0;2;1;1;0;2;29000
100;2021;12;2306504;Itapiúna;Ceará;1;1;3333333;Instituto;1;1;2;falecidos_101;65376;65376;2;1953-10-24;2017-12-26;pens_101;65376;2;1982-12-18;1;2017-12-26;3550.59;3550.59;1;0;0;2;1;1;0;2;29000
101;2021;12;2306504;Itapiúna;Ceará;1;1;3333333;Instituto;1;1;2;falecidos_102;65377;65377;2;1963-12-14;2020-10-25;pens_102;65377;1;1980-10-20;1;2020-10-25;4447.18;4447.18;1;0;0;2;1;1;0;2;29000
102;2021;12;2306504;Itapiúna;Ceará;1;1;3333333;Instituto;1;1;1;falecidos_103;65378;65378;1;1973-10-22;2020-10-18;pens_103;65378;2;1987-12-25;1;2020-10-18;3377.61;3377.61;1;0;0;2;1;1;0;2;29000
103;2021;12;2306504;Itapiúna;Ceará;1;1;3333333;Instituto;1;1;1;falecidos_104;65379;65379;1;1980-12-17;2013-10-10;pens_104;65379;2;1987-12-27;1;2013-10-10;3906.36;3906.36;1;0;0;2;1;1;0;2;29000
104;2021;12;2306504;Itapiúna;Ceará;1;1;3333333;Instituto;1;1;1;falecidos_105;65380;65380;1;1986-11-19;2020-12-12;pens_105;65380;1;2012-12-15;2;2020-12-12;3900.09;3900.09;1;0;0;2;1;2;13;2;29000
105;2021;12;2306504;Itapiúna;Ceará;1;1;3333333;Instituto;1;1;2;falecidos_106;65381;65381;1;1956-10-20;2005-12-26;pens_106;65381;1;2012-11-22;2;2005-12-26;2928.21;2928.21;1;0;0;2;1;2;13;2;29000
106;2021;12;2306504;Itapiúna;Ceará;1;1;3333333;Instituto;1;1;2;falecidos_107;65382;65382;2;1956-10-14;1988-12-21;pens_107;65382;1;2015-11-21;2;1988-12-21;4747.01;4747.01;1;0;0;2;1;2;16;2;29000
107;2021;12;2306504;Itapiúna;Ceará;1;1;3333333;Instituto;1;1;2;falecidos_108;65383;65383;1;1963-10-22;2020-10-13;pens_108;65383;2;2013-11-22;2;2020-10-13;2167.61;2167.61;1;0;0;2;1;2;14;2;29000
108;2021;12;2306504;Itapiúna;Ceará;1;1;3333333;Instituto;1;1;1;falecidos_109;65384;65384;2;1984-10-24;2020-12-19;pens_109;65384;2;1976-10-21;1;2020-12-19;5257.46;5257.46;1;0;0;2;1;1;0;2;29000
109;2021;12;2306504;Itapiúna;Ceará;1;1;3333333;Instituto;1;1;2;falecidos_110;65385;65385;1;1982-11-14;2020-10-22;pens_110;65385;2;1978-10-22;1;2020-10-22;3696.11;3696.11;1;0;0;2;1;1;0;2;29000
110;2021;12;2306504;Itapiúna;Ceará;1;1;3333333;Instituto;1;1;1;falecidos_111;65386;65386;1;1963-10-16;2020-12-18;pens_111;65386;2;1986-11-10;1;2020-12-18;3677.2279207920787;644.97;1;0;0;2;1;1;0;2;29000
111;2021;12;2306504;Itapiúna;Ceará;1;1;3333333;Instituto;1;1;1;falecidos_112;65387;65387;2;1951-11-15;1989-12-23;pens_112;65387;2;2011-12-15;2;1989-12-23;5360.72;5360.72;1;0;0;2;1;2;12;2;29000
112;2021;12;2306504;Itapiúna;Ceará;1;1;3333333;Instituto;1;1;1;falecidos_113;65388;65388;1;1980-11-15;2020-11-16;pens_113;65388;2;2012-12-10;2;2020-11-16;6650.85;6650.85;1;0;0;2;1;2;13;2;29000
113;2021;12;2306504;Itapiúna;Ceará;1;1;3333333;Instituto;1;1;1;falecidos_114;65389;65389;1;1968-11-16;2009-10-26;pens_114;65389;1;1983-10-20;1;2009-10-26;4268.58;4268.58;1;0;0;2;1;1;0;2;29000
114;2021;12;2306504;Itapiúna;Ceará;1;1;3333333;Instituto;1;1;2;falecidos_115;65390;65390;1;1990-12-15;2020-10-12;pens_115;65390;1;1978-12-25;1;2020-10-12;6095.55;6095.55;1;0;0;2;1;1;0;2;29000
115;2021;12;2306504;Itapiúna;Ceará;1;1;3333333;Instituto;1;1;2;falecidos_116;65391;65391;1;1953-11-23;2020-11-17;pens_116;65391;2;1974-12-26;1;2020-11-17;3010.73;3010.73;1;0;0;2;1;1;0;2;29000
116;2021;12;2306504;Itapiúna;Ceará;1;1;3333333;Instituto;1;1;2;falecidos_117;65392;65392;2;1973-11-28;2017-10-24;pens_117;65392;2;2010-12-16;2;2017-10-24;4585.29;4585.29;1;0;0;2;1;2;11;2;29000
117;2021;12;2306504;Itapiúna;Ceará;1;1;3333333;Instituto;1;1;1;falecidos_118;65393;65393;2;1954-11-15;2020-10-28;pens_118;65393;1;2013-10-24;2;2020-10-28;5506.29;5506.29;1;0;0;2;1;2;14;2;29000
118;2021;12;2306504;Itapiúna;Ceará;1;1;3333333;Instituto;1;1;2;falecidos_119;65394;65394;1;1970-11-23;2020-10-13;pens_119;65394;1;1973-12-24;1;2020-10-13;3220.45;3220.45;1;0;0;2;1;1;0;2;29000
119;2021;12;2306504;Itapiúna;Ceará;1;1;3333333;Instituto;1;1;1;falecidos_120;65395;65395;1;1969-12-18;2020-10-11;pens_120;65395;1;1980-12-21;1;2020-10-11;4707.78;4707.78;1;0;0;2;1;1;0;2;29000
120;2021;12;2306504;Itapiúna;Ceará;1;1;3333333;Instituto;1;1;2;falecidos_121;65396;65396;2;1959-11-24;2009-11-25;pens_121;65396;2;1989-11-12;1;2009-11-25;4685.46;4685.46;1;0;0;2;1;1;0;2;29000
121;2021;12;2306504;Itapiúna;Ceará;1;1;3333333;Instituto;1;1;1;falecidos_122;65397;65397;1;1953-11-26;2020-11-17;pens_122;65397;1;2013-11-19;2;2020-11-17;2615.48;2615.48;1;0;0;2;1;2;14;2;29000
122;2021;12;2306504;Itapiúna;Ceará;1;1;3333333;Instituto;1;1;2;falecidos_123;65398;65398;1;1990-10-22;2020-11-10;pens_123;65398;1;1974-10-26;1;2020-11-10;4307.94;4307.94;1;0;0;2;1;1;0;2;29000
123;2021;12;2306504;Itapiúna;Ceará;1;1;3333333;Instituto;1;1;2;falecidos_124;65399;65399;1;1974-11-24;2020-11-22;pens_124;65399;1;2014-12-22;2;2020-11-22;5775.29;5775.29;1;0;0;2;1;2;15;2;29000
124;2021;12;2306504;Itapiúna;Ceará;1;1;3333333;Instituto;1;1;1;falecidos_125;65400;65400;2;1971-12-14;2020-11-23;pens_125;65400;1;1988-10-16;1;2020-11-23;3456.81;3456.81;1;0;0;2;1;1;0;2;29000
125;2021;12;2306504;Itapiúna;Ceará;1;1;3333333;Instituto;1;1;2;falecidos_126;65401;65401;1;1965-10-22;2009-11-17;pens_126;65401;1;2015-11-12;2;2009-11-17;4305.33;4305.33;1;0;0;2;1;2;16;2;29000
126;2021;12;2306504;Itapiúna;Ceará;1;1;3333333;Instituto;1;1;1;falecidos_127;65402;65402;1;1973-12-25;2020-12-23;pens_127;65402;1;2012-12-13;2;2020-12-23;2379.48;2379.48;1;0;0;2;1;2;13;2;29000
127;2021;12;2306504;Itapiúna;Ceará;1;1;3333333;Instituto;1;1;1;falecidos_128;65403;65403;2;1957-12-17;2020-11-19;pens_128;65403;2;1970-10-15;1;2020-11-19;4790.26;4790.26;1;0;0;2;1;1;0;2;29000
128;2021;12;2306504;Itapiúna;Ceará;1;1;3333333;Instituto;1;1;2;falecidos_129;65404;65404;2;1980-10-23;2020-10-14;pens_129;65404;2;2015-10-15;2;2020-10-14;4137.871929824561;761.33;1;0;0;2;1;2;16;2;29000
129;2021;12;2306504;Itapiúna;Ceará;1;1;3333333;Instituto;1;1;2;falecidos_130;65405;65405;1;1980-11-21;2020-12-25;pens_130;65405;1;1983-11-14;1;2020-12-25;4091.99;4091.99;1;0;0;2;1;1;0;2;29000
130;2021;12;2306504;Itapiúna;Ceará;1;1;3333333;Instituto;1;1;2;falecidos_131;65406;65406;1;1952-12-18;2012-12-21;pens_131;65406;1;1981-12-19;1;2012-12-21;5616.1;5616.1;1;0;0;2;1;1;0;2;29000
131;2021;12;2306504;Itapiúna;Ceará;1;1;3333333;Instituto;1;1;2;falecidos_132;65407;65407;2;1968-12-15;2020-11-24;pens_132;65407;2;1988-10-19;1;2020-11-24;3743.0549333333342;404.26;1;0;0;2;1;1;0;2;29000
132;2021;12;2306504;Itapiúna;Ceará;1;1;3333333;Instituto;1;1;1;falecidos_133;65408;65408;2;1955-12-17;1980-12-12;pens_133;65408;1;1974-10-18;1;1980-12-12;3814.45;3814.45;1;0;0;2;1;1;0;2;29000
133;2021;12;2306504;Itapiúna;Ceará;1;1;3333333;Instituto;1;1;2;falecidos_134;65409;65409;1;1951-12-18;1987-10-17;pens_134;65409;2;2013-12-12;2;1987-10-17;4309.43;4309.43;1;0;0;2;1;2;14;2;29000
134;2021;12;2306504;Itapiúna;Ceará;1;1;3333333;Instituto;1;1;2;falecidos_135;65410;65410;1;1985-12-19;2020-10-25;pens_135;65410;1;2014-12-11;2;2020-10-25;5181.62;5181.62;1;0;0;2;1;2;15;2;29000
135;2021;12;2306504;Itapiúna;Ceará;1;1;3333333;Instituto;1;1;1;falecidos_136;65411;65411;2;1958-11-28;2020-10-26;pens_136;65411;1;1975-12-19;1;2020-10-26;4890.82;4890.82;1;0;0;2;1;1;0;2;29000
136;2021;12;2306504;Itapiúna;Ceará;1;1;3333333;Instituto;1;1;1;falecidos_137;65412;65412;1;1968-10-12;2020-11-22;pens_137;65412;1;1985-12-28;1;2020-11-22;4450.85;4450.85;1;0;0;2;1;1;0;2;29000
137;2021;12;2306504;Itapiúna;Ceará;1;1;3333333;Instituto;1;1;2;falecidos_138;65413;65413;2;1965-12-24;2020-12-18;pens_138;65413;1;1984-11-24;1;2020-12-18;2820.77;2820.77;1;0;0;2;1;1;0;2;29000
138;2021;12;2306504;Itapiúna;Ceará;1;1;3333333;Instituto;1;1;2;falecidos_139;65414;65414;1;1982-11-26;2020-11-24;pens_139;65414;2;1979-12-14;1;2020-11-24;2202.4;2202.4;1;0;0;2;1;1;0;2;29000
139;2021;12;2306504;Itapiúna;Ceará;1;1;3333333;Instituto;1;1;2;falecidos_140;65415;65415;2;1971-12-11;2020-12-25;pens_140;65415;1;1986-11-18;1;2020-12-25;1363.17;1363.17;1;0;0;2;1;1;0;2;29000
140;2021;12;2306504;Itapiúna;Ceará;1;1;3333333;Instituto;1;1;2;falecidos_141;65416;65416;1;1982-12-20;2009-12-22;pens_141;65416;1;2013-10-14;2;2009-12-22;6776.32;6776.32;1;0;0;2;1;2;14;2;29000
141;2021;12;2306504;Itapiúna;Ceará;1;1;3333333;Instituto;1;1;2;falecidos_142;65417;65417;2;1979-10-28;2020-11-24;pens_142;65417;1;1984-12-17;1;2020-11-24;3308.73;3308.73;1;0;0;2;1;1;0;2;29000
142;2021;12;2306504;Itapiúna;Ceará;1;1;3333333;Instituto;1;1;2;falecidos_143;65418;65418;2;1961-11-28;2020-11-27;pens_143;65418;2;1972-11-24;1;2020-11-27;3326.19;3326.19;1;0;0;2;1;1;0;2;29000
143;2021;12;2306504;Itapiúna;Ceará;1;1;3333333;Instituto;1;1;1;falecidos_144;65419;65419;2;1952-11-18;1984-10-28;pens_144;65419;2;2012-10-18;2;1984-10-28;5372.71;5372.71;1;0;0;2;1;2;13;2;29000
144;2021;12;2306504;Itapiúna;Ceará;1;1;3333333;Instituto;1;1;2;falecidos_145;65420;65420;1;1962-11-14;2020-12-12;pens_145;65420;2;1972-11-13;1;2020-12-12;2744.44;2744.44;1;0;0;2;1;1;0;2;29000
145;2021;12;2306504;Itapiúna;Ceará;1;1;3333333;Instituto;1;1;1;falecidos_146;65421;65421;2;1956-11-19;1987-10-25;pens_146;65421;2;1986-11-20;1;1987-10-25;4057.3;4057.3;1;0;0;2;1;1;0;2;29000
146;2021;12;2306504;Itapiúna;Ceará;1;1;3333333;Instituto;1;1;2;falecidos_147;65422;65422;1;1967-11-18;2002-10-12;pens_147;65422;2;2013-12-10;2;2002-10-12;3222.27;3222.27;1;0;0;2;1;2;14;2;29000
147;2021;12;2306504;Itapiúna;Ceará;1;1;3333333;Instituto;1;1;1;falecidos_148;65423;65423;1;1989-12-18;2020-12-17;pens_148;65423;2;1978-12-14;1;2020-12-17;2961.87;2961.87;1;0;0;2;1;1;0;2;29000
148;2021;12;2306504;Itapiúna;Ceará;1;1;3333333;Instituto;1;1;2;falecidos_149;65424;65424;1;1984-10-19;2020-12-20;pens_149;65424;2;1983-12-15;1;2020-12-20;4040.33;4040.33;1;0;0;2;1;1;0;2;29000
149;2021;12;2306504;Itapiúna;Ceará;1;1;3333333;Instituto;1;1;1;falecidos_150;65425;65425;1;1980-11-24;2009-12-22;pens_150;65425;2;2012-11-21;2;2009-12-22;1857.09;1857.09;1;0;0;2;1;2;13;2;29000
150;2021;12;2306504;Itapiúna;Ceará;1;1;3333333;Instituto;1;1;2;falecidos_151;65426;65426;2;1988-10-15;2020-10-10;pens_151;65426;1;2010-12-23;2;2020-10-10;3187.51;3187.51;1;0;0;2;1;2;11;2;29000
151;2021;12;2306504;Itapiúna;Ceará;1;1;3333333;Instituto;1;1;2;falecidos_152;65427;65427;2;1951-12-14;2020-11-14;pens_152;65427;2;1974-11-17;1;2020-11-14;3418.31;3418.31;1;0;0;2;1;1;0;2;29000
152;2021;12;2306504;Itapiúna;Ceará;1;1;3333333;Instituto;1;1;1;falecidos_153;65428;65428;1;1964-12-10;2019-12-14;pens_153;65428;2;2015-12-20;2;2019-12-14;1793.64;1793.64;1;0;0;2;1;2;16;2;29000
153;2021;12;2306504;Itapiúna;Ceará;1;1;3333333;Instituto;1;1;1;falecidos_154;65429;65429;2;1984-12-10;2020-12-13;pens_154;65429;2;1988-12-10;1;2020-12-13;4907.78;4907.78;1;0;0;2;1;1;0;2;29000
154;2021;12;2306504;Itapiúna;Ceará;1;1;3333333;Instituto;1;1;2;falecidos_155;65430;65430;1;1959-11-12;2020-10-24;pens_155;65430;2;2010-10-24;2;2020-10-24;2269.23;2269.23;1;0;0;2;1;2;11;2;29000
155;2021;12;2306504;Itapiúna;Ceará;1;1;3333333;Instituto;1;1;1;falecidos_156;65431;65431;1;1970-12-13;2020-12-19;pens_156;65431;2;1976-11-12;1;2020-12-19;5776.25;5776.25;1;0;0;2;1;1;0;2;29000
156;2021;12;2306504;Itapiúna;Ceará;1;1;3333333;Instituto;1;1;1;falecidos_157;65432;65432;1;1977-10-14;2020-11-14;pens_157;65432;1;1981-10-20;1;2020-11-14;3610.23;3610.23;1;0;0;2;1;1;0;2;29000
157;2021;12;2306504;Itapiúna;Ceará;1;1;3333333;Instituto;1;1;2;falecidos_158;65433;65433;1;1961-10-18;2020-11-22;pens_158;65433;1;2012-12-19;2;2020-11-22;4977.98;4977.98;1;0;0;2;1;2;13;2;29000
158;2021;12;2306504;Itapiúna;Ceará;1;1;3333333;Instituto;1;1;1;falecidos_159;65434;65434;1;1955-10-27;2011-10-28;pens_159;65434;2;1979-12-25;1;2011-10-28;2360.78;2360.78;1;0;0;2;1;1;0;2;29000
159;2021;12;2306504;Itapiúna;Ceará;1;1;3333333;Instituto;1;1;2;falecidos_160;65435;65435;1;1959-12-24;2008-10-23;pens_160;65435;1;1975-12-19;1;2008-10-23;4267.81;4267.81;1;0;0;2;1;1;0;2;29000
160;2021;12;2306504;Itapiúna;Ceará;1;1;3333333;Instituto;1;1;2;falecidos_161;65436;65436;1;1952-12-22;2005-12-21;pens_161;65436;2;2011-12-28;2;2005-12-21;2582.88;2582.88;1;0;0;2;1;2;12;2;29000
161;2021;12;2306504;Itapiúna;Ceará;1;1;3333333;Instituto;1;1;1;falecidos_162;65437;65437;2;1990-10-27;2020-12-25;pens_162;65437;1;1980-12-22;1;2020-12-25;5011.63;5011.63;1;0;0;2;1;1;0;2;29000
162;2021;12;2306504;Itapiúna;Ceará;1;1;3333333;Instituto;1;1;2;falecidos_163;65438;65438;1;1964-10-27;2002-10-18;pens_163;65438;1;1983-12-25;1;2002-10-18;1565.44;1565.44;1;0;0;2;1;1;0;2;29000
163;2021;12;2306504;Itapiúna;Ceará;1;1;3333333;Instituto;1;1;2;falecidos_164;65439;65439;1;1987-11-28;2020-11-20;pens_164;65439;1;2012-12-12;2;2020-11-20;3155.59;3155.59;1;0;0;2;1;2;13;2;29000
164;2021;12;2306504;Itapiúna;Ceará;1;1;3333333;Instituto;1;1;1;falecidos_165;65440;65440;2;1953-10-10;2020-12-19;pens_165;65440;2;2013-12-18;2;2020-12-19;1585.72;1585.72;1;0;0;2;1;2;14;2;29000
165;2021;12;2306504;Itapiúna;Ceará;1;1;3333333;Instituto;1;1;2;falecidos_166;65441;65441;1;1953-11-10;2006-11-12;pens_166;65441;1;2013-12-10;2;2006-11-12;3065.79;3065.79;1;0;0;2;1;2;14;2;29000
166;2021;12;2306504;Itapiúna;Ceará;1;1;3333333;Instituto;1;1;2;falecidos_167;65442;65442;1;1964-11-14;2005-11-24;pens_167;65442;2;1989-12-10;1;2005-11-24;1336.92;1336.92;1;0;0;2;1;1;0;2;29000
167;2021;12;2306504;Itapiúna;Ceará;1;1;3333333;Instituto;1;1;2;falecidos_168;65443;65443;2;1974-12-28;2009-12-24;pens_168;65443;2;2010-12-17;2;2009-12-24;2479.57;2479.57;1;0;0;2;1;2;11;2;29000
168;2021;12;2306504;Itapiúna;Ceará;1;1;3333333;Instituto;1;1;2;falecidos_169;65444;65444;1;1974-11-28;2020-11-19;pens_169;65444;1;1988-10-14;1;2020-11-19;3677.2279207920787;869.79;1;0;0;2;1;1;0;2;29000
169;2021;12;2306504;Itapiúna;Ceará;1;1;3333333;Instituto;1;1;1;falecidos_170;65445;65445;2;1961-10-16;2020-11-28;pens_170;65445;2;1988-12-15;1;2020-11-28;4086.79;4086.79;1;0;0;2;1;1;0;2;29000
170;2021;12;2306504;Itapiúna;Ceará;1;1;3333333;Instituto;1;1;2;falecidos_171;65446;65446;1;1962-11-19;2020-10-16;pens_171;65446;1;2012-10-20;2;2020-10-16;3736.03;3736.03;1;0;0;2;1;2;13;2;29000
171;2021;12;2306504;Itapiúna;Ceará;1;1;3333333;Instituto;1;1;2;falecidos_172;65447;65447;2;1986-11-20;2020-12-25;pens_172;65447;1;1971-10-26;1;2020-12-25;3743.0549333333342;284.69;1;0;0;2;1;1;0;2;29000
172;2021;12;2306504;Itapiúna;Ceará;1;1;3333333;Instituto;1;1;1;falecidos_173;65448;65448;2;1980-11-27;2020-10-27;pens_173;65448;2;1988-12-24;1;2020-10-27;3187.87;3187.87;1;0;0;2;1;1;0;2;29000
173;2021;12;2306504;Itapiúna;Ceará;1;1;3333333;Instituto;1;1;1;falecidos_174;65449;65449;1;1956-11-21;2020-12-16;pens_174;65449;2;2013-12-17;2;2020-12-16;3075.04;3075.04;1;0;0;2;1;2;14;2;29000
174;2021;12;2306504;Itapiúna;Ceará;1;1;3333333;Instituto;1;1;1;falecidos_175;65450;65450;1;1962-10-10;2009-11-23;pens_175;65450;1;1970-11-17;1;2009-11-23;3537.88;3537.88;1;0;0;2;1;1;0;2;29000
175;2021;12;2306504;Itapiúna;Ceará;1;1;3333333;Instituto;1;1;2;falecidos_176;65451;65451;2;1989-11-24;2020-10-24;pens_176;65451;2;1989-11-28;1;2020-10-24;4251.64;4251.64;1;0;0;2;1;1;0;2;29000
176;2021;12;2306504;Itapiúna;Ceará;1;1;3333333;Instituto;1;1;1;falecidos_177;65452;65452;1;1976-11-13;2020-11-18;pens_177;65452;1;2014-12-27;2;2020-11-18;4268.1;4268.1;1;0;0;2;1;2;15;2;29000
177;2021;12;2306504;Itapiúna;Ceará;1;1;3333333;Instituto;1;1;2;falecidos_178;65453;65453;2;1981-11-27;2020-10-10;pens_178;65453;2;2015-12-26;2;2020-10-10;4919.7;4919.7;1;0;0;2;1;2;16;2;29000
178;2021;12;2306504;Itapiúna;Ceará;1;1;3333333;Instituto;1;1;1;falecidos_179;65454;65454;2;1984-12-28;2020-10-18;pens_179;65454;1;1972-10-19;1;2020-10-18;4931.83;4931.83;1;0;0;2;1;1;0;2;29000
179;2021;12;2306504;Itapiúna;Ceará;1;1;3333333;Instituto;1;1;2;falecidos_180;65455;65455;2;1956-11-14;1988-10-22;pens_180;65455;2;1978-12-17;1;1988-10-22;3170.15;3170.15;1;0;0;2;1;1;0;2;29000
180;2021;12;2306504;Itapiúna;Ceará;1;1;3333333;Instituto;1;1;2;falecidos_181;65456;65456;1;1990-10-15;2020-11-13;pens_181;65456;1;2013-12-11;2;2020-11-13;4440.52;4440.52;1;0;0;2;1;2;14;2;29000
181;2021;12;2306504;Itapiúna;Ceará;1;1;3333333;Instituto;1;1;2;falecidos_182;65457;65457;2;1960-10-17;1987-12-22;pens_182;65457;1;1980-11-10;1;1987-12-22;1998.63;1998.63;1;0;0;2;1;1;0;2;29000
182;2021;12;2306504;Itapiúna;Ceará;1;1;3333333;Instituto;1;1;1;falecidos_183;65458;65458;1;1973-10-10;2006-12-12;pens_183;65458;2;1984-10-10;1;2006-12-12;3247.98;3247.98;1;0;0;2;1;1;0;2;29000
183;2021;12;2306504;Itapiúna;Ceará;1;1;3333333;Instituto;1;1;2;falecidos_184;65459;65459;1;1973-12-23;2011-10-13;pens_184;65459;2;2014-12-18;2;2011-10-13;3627.252417582418;1211.96;1;0;0;2;1;2;15;2;29000
184;2021;12;2306504;Itapiúna;Ceará;1;1;3333333;Instituto;1;1;2;falecidos_185;65460;65460;2;1980-12-17;2020-12-15;pens_185;65460;2;2010-11-19;2;2020-12-15;3941.05;3941.05;1;0;0;2;1;2;11;2;29000
185;2021;12;2306504;Itapiúna;Ceará;1;1;3333333;Instituto;1;1;2;falecidos_186;65461;65461;2;1958-11-15;1999-10-20;pens_186;65461;1;2015-10-12;2;1999-10-20;5136.1;5136.1;1;0;0;2;1;2;16;2;29000
186;2021;12;2306504;Itapiúna;Ceará;1;1;3333333;Instituto;1;1;2;falecidos_187;65462;65462;2;1988-11-13;2020-10-13;pens_187;65462;2;2015-10-10;2;2020-10-13;4777.19;4777.19;1;0;0;2;1;2;16;2;29000
187;2021;12;2306504;Itapiúna;Ceará;1;1;3333333;Instituto;1;1;2;falecidos_188;65463;65463;1;1967-12-16;2020-11-18;pens_188;65463;2;2015-10-13;2;2020-11-18;2123.12;2123.12;1;0;0;2;1;2;16;2;29000
188;2021;12;2306504;Itapiúna;Ceará;1;1;3333333;Instituto;1;1;1;falecidos_189;65464;65464;2;1986-10-15;2020-11-20;pens_189;65464;1;2014-10-27;2;2020-11-20;3608.48;3608.48;1;0;0;2;1;2;15;2;29000
189;2021;12;2306504;Itapiúna;Ceará;1;1;3333333;Instituto;1;1;1;falecidos_190;65465;65465;1;1989-10-16;2017-11-17;pens_190;65465;1;2011-12-23;2;2017-11-17;5830.03;5830.03;1;0;0;2;1;2;12;2;29000
190;2021;12;2306504;Itapiúna;Ceará;1;1;3333333;Instituto;1;1;2;falecidos_191;65466;65466;2;1978-11-23;2004-10-12;pens_191;65466;1;2013-10-28;2;2004-10-12;6258.77;6258.77;1;0;0;2;1;2;14;2;29000
191;2021;12;2306504;Itapiúna;Ceará;1;1;3333333;Instituto;1;1;1;falecidos_192;65467;65467;1;1976-11-24;2020-10-14;pens_192;65467;2;1979-10-11;1;2020-10-14;3382.47;3382.47;1;0;0;2;1;1;0;2;29000
192;2021;12;2306504;Itapiúna;Ceará;1;1;3333333;Instituto;1;1;2;falecidos_193;65468;65468;2;1957-11-23;2016-10-10;pens_193;65468;2;1974-11-22;1;2016-10-10;1221.1;1221.1;1;0;0;2;1;1;0;2;29000
193;2021;12;2306504;Itapiúna;Ceará;1;1;3333333;Instituto;1;1;2;falecidos_194;65469;65469;1;1974-10-24;2009-11-15;pens_194;65469;2;1970-12-18;1;2009-11-15;5193.87;5193.87;1;0;0;2;1;1;0;2;29000
194;2021;12;2306504;Itapiúna;Ceará;1;1;3333333;Instituto;1;1;1;falecidos_195;65470;65470;2;1977-11-26;2020-12-17;pens_195;65470;2;1987-10-14;1;2020-12-17;3412.44;3412.44;1;0;0;2;1;1;0;2;29000
195;2021;12;2306504;Itapiúna;Ceará;1;1;3333333;Instituto;1;1;1;falecidos_196;65471;65471;1;1960-11-26;2011-10-23;pens_196;65471;2;1974-12-19;1;2011-10-23;2717.41;2717.41;1;0;0;2;1;1;0;2;29000
196;2021;12;2306504;Itapiúna;Ceará;1;1;3333333;Instituto;1;1;1;falecidos_197;65472;65472;1;1970-10-10;2020-11-26;pens_197;65472;2;2011-11-22;2;2020-11-26;4815.69;4815.69;1;0;0;2;1;2;12;2;29000
197;2021;12;2306504;Itapiúna;Ceará;1;1;3333333;Instituto;1;1;1;falecidos_198;65473;65473;1;1967-10-15;2020-10-22;pens_198;65473;2;2010-11-18;2;2020-10-22;3739.87;3739.87;1;0;0;2;1;2;11;2;29000
198;2021;12;2306504;Itapiúna;Ceará;1;1;3333333;Instituto;1;1;1;falecidos_199;65474;65474;1;1967-11-21;2020-10-25;pens_199;65474;1;1983-10-23;1;2020-10-25;5505.7;5505.7;1;0;0;2;1;1;0;2;29000
199;2021;12;2306504;Itapiúna;Ceará;1;1;3333333;Instituto;1;1;2;falecidos_200;65475;65475;1;1963-12-24;1996-11-26;pens_200;65475;2;2015-12-11;2;1996-11-26;3627.252417582418;626.66;1;0;0;2;1;2;16;2;29000
200;2021;12;2306504;Itapiúna;Ceará;1;1;3333333;Instituto;1;1;2;falecidos_201;65476;65476;2;1976-10-22;2020-11-18;pens_201;65476;1;2011-10-16;2;2020-11-18;3449.19;3449.19;1;0;0;2;1;2;12;2;29000
201;2021;12;2306504;Itapiúna;Ceará;1;1;3333333;Instituto;1;1;1;falecidos_202;65477;65477;1;1957-12-18;2020-11-26;pens_202;65477;2;1977-10-24;1;2020-11-26;5544.89;5544.89;1;0;0;2;1;1;0;2;29000
202;2021;12;2306504;Itapiúna;Ceará;1;1;3333333;Instituto;1;1;1;falecidos_203;65478;65478;1;1989-11-12;2020-10-13;pens_203;65478;2;2015-12-24;2;2020-10-13;3750.38;3750.38;1;0;0;2;1;2;16;2;29000
203;2021;12;2306504;Itapiúna;Ceará;1;1;3333333;Instituto;1;1;1;falecidos_204;65479;65479;2;1984-12-12;2020-10-27;pens_204;65479;2;1981-10-17;1;2020-10-27;3377.27;3377.27;1;0;0;2;1;1;0;2;29000
204;2021;12;2306504;Itapiúna;Ceará;1;1;3333333;Instituto;1;1;2;falecidos_205;65480;65480;1;1980-12-19;2020-10-14;pens_205;65480;2;1977-11-12;1;2020-10-14;3850.31;3850.31;1;0;0;2;1;1;0;2;29000
205;2021;12;2306504;Itapiúna;Ceará;1;1;3333333;Instituto;1;1;1;falecidos_206;65481;65481;1;1960-12-26;1999-12-14;pens_206;65481;2;2011-11-26;2;1999-12-14;1544.52;1544.52;1;0;0;2;1;2;12;2;29000
206;2021;12;2306504;Itapiúna;Ceará;1;1;3333333;Instituto;1;1;2;falecidos_207;65482;65482;2;1974-12-14;2020-10-20;pens_207;65482;1;1972-12-18;1;2020-10-20;3305.33;3305.33;1;0;0;2;1;1;0;2;29000
207;2021;12;2306504;Itapiúna;Ceará;1;1;3333333;Instituto;1;1;1;falecidos_208;65483;65483;1;1979-10-21;2020-11-20;pens_208;65483;1;2015-12-26;2;2020-11-20;4610.81;4610.81;1;0;0;2;1;2;16;2;29000
208;2021;12;2306504;Itapiúna;Ceará;1;1;3333333;Instituto;1;1;2;falecidos_209;65484;65484;2;1964-11-10;2011-10-10;pens_209;65484;2;2010-10-25;2;2011-10-10;4116.15;4116.15;1;0;0;2;1;2;11;2;29000
209;2021;12;2306504;Itapiúna;Ceará;1;1;3333333;Instituto;1;1;2;falecidos_210;65485;65485;2;1980-10-18;2016-10-17;pens_210;65485;1;1979-12-11;1;2016-10-17;3123.46;3123.46;1;0;0;2;1;1;0;2;29000
210;2021;12;2306504;Itapiúna;Ceará;1;1;3333333;Instituto;1;1;2;falecidos_211;65486;65486;2;1962-11-10;1991-10-14;pens_211;65486;1;1975-12-20;1;1991-10-14;4321.94;4321.94;1;0;0;2;1;1;0;2;29000
211;2021;12;2306504;Itapiúna;Ceará;1;1;3333333;Instituto;1;1;2;falecidos_212;65487;65487;1;1984-10-11;2020-12-22;pens_212;65487;2;2015-11-25;2;2020-12-22;5539.74;5539.74;1;0;0;2;1;2;16;2;29000
212;2021;12;2306504;Itapiúna;Ceará;1;1;3333333;Instituto;1;1;2;falecidos_213;65488;65488;1;1963-11-26;1988-10-24;pens_213;65488;2;2012-11-25;2;1988-10-24;6016.04;6016.04;1;0;0;2;1;2;13;2;29000
213;2021;12;2306504;Itapiúna;Ceará;1;1;3333333;Instituto;1;1;2;falecidos_214;65489;65489;1;1981-11-22;2015-11-22;pens_214;65489;1;2013-12-21;2;2015-11-22;6621.01;6621.01;1;0;0;2;1;2;14;2;29000
214;2021;12;2306504;Itapiúna;Ceará;1;1;3333333;Instituto;1;1;2;falecidos_215;65490;65490;1;1973-11-27;2020-12-12;pens_215;65490;2;2011-11-28;2;2020-12-12;2135.76;2135.76;1;0;0;2;1;2;12;2;29000
215;2021;12;2306504;Itapiúna;Ceará;1;1;3333333;Instituto;1;1;2;falecidos_216;65491;65491;2;1972-12-24;2019-12-21;pens_216;65491;1;2010-10-24;2;2019-12-21;4228.86;4228.86;1;0;0;2;1;2;11;2;29000
216;2021;12;2306504;Itapiúna;Ceará;1;1;3333333;Instituto;1;1;1;falecidos_217;65492;65492;2;1981-12-11;2010-12-17;pens_217;65492;2;2013-12-12;2;2010-12-17;3340.9;3340.9;1;0;0;2;1;2;14;2;29000
217;2021;12;2306504;Itapiúna;Ceará;1;1;3333333;Instituto;1;1;2;falecidos_218;65493;65493;1;1971-10-18;2020-11-11;pens_218;65493;1;1981-12-28;1;2020-11-11;3261.12;3261.12;1;0;0;2;1;1;0;2;29000
218;2021;12;2306504;Itapiúna;Ceará;1;1;3333333;Instituto;1;1;1;falecidos_219;65494;65494;1;1950-11-11;2002-11-17;pens_219;65494;1;1971-12-23;1;2002-11-17;4014.04;4014.04;1;0;0;2;1;1;0;2;29000
219;2021;12;2306504;Itapiúna;Ceará;1;1;3333333;Instituto;1;1;1;falecidos_220;65495;65495;1;1963-12-19;2020-10-10;pens_220;65495;2;1976-11-19;1;2020-10-10;2861.31;2861.31;1;0;0;2;1;1;0;2;29000
220;2021;12;2306504;Itapiúna;Ceará;1;1;3333333;Instituto;1;1;1;falecidos_221;65496;65496;1;1953-12-22;1995-11-28;pens_221;65496;2;1982-10-24;1;1995-11-28;3677.2279207920787;110.4;1;0;0;2;1;1;0;2;29000
221;2021;12;2306504;Itapiúna;Ceará;1;1;3333333;Instituto;1;1;2;falecidos_222;65497;65497;1;1973-10-10;2020-10-17;pens_222;65497;2;1985-12-22;1;2020-10-17;2430.79;2430.79;1;0;0;2;1;1;0;2;29000
222;2021;12;2306504;Itapiúna;Ceará;1;1;3333333;Instituto;1;1;2;falecidos_223;65498;65498;1;1965-11-25;2018-10-25;pens_223;65498;2;2010-11-25;2;2018-10-25;2989.14;2989.14;1;0;0;2;1;2;11;2;29000
223;2021;12;2306504;Itapiúna;Ceará;1;1;3333333;Instituto;1;1;1;falecidos_224;65499;65499;1;1961-10-20;2013-10-17;pens_224;65499;1;1977-12-11;1;2013-10-17;3939.64;3939.64;1;0;0;2;1;1;0;2;29000
224;2021;12;2306504;Itapiúna;Ceará;1;1;3333333;Instituto;1;1;2;falecidos_225;65500;65500;1;1977-10-14;2020-11-22;pens_225;65500;1;1970-12-13;1;2020-11-22;3677.2279207920787;264.84;1;0;0;2;1;1;0;2;29000
225;2021;12;2306504;Itapiúna;Ceará;1;1;3333333;Instituto;1;1;2;falecidos_226;65501;65501;1;1974-11-13;2003-12-20;pens_226;65501;1;1982-12-13;1;2003-12-20;2935.48;2935.48;1;0;0;2;1;1;0;2;29000
226;2021;12;2306504;Itapiúna;Ceará;1;1;3333333;Instituto;1;1;2;falecidos_227;65502;65502;1;1967-12-22;2016-12-16;pens_227;65502;1;2010-10-15;2;2016-12-16;2032.14;2032.14;1;0;0;2;1;2;11;2;29000
227;2021;12;2306504;Itapiúna;Ceará;1;1;3333333;Instituto;1;1;2;falecidos_228;65503;65503;2;1957-12-11;2020-10-21;pens_228;65503;1;1977-10-15;1;2020-10-21;3846.64;3846.64;1;0;0;2;1;1;0;2;29000
228;2021;12;2306504;Itapiúna;Ceará;1;1;3333333;Instituto;1;1;1;falecidos_229;65504;65504;2;1973-12-20;2010-12-28;pens_229;65504;1;2010-11-24;2;2010-12-28;5043.62;5043.62;1;0;0;2;1;2;11;2;29000
229;2021;12;2306504;Itapiúna;Ceará;1;1;3333333;Instituto;1;1;2;falecidos_230;65505;65505;1;1953-10-11;2020-10-11;pens_230;65505;2;1977-12-12;1;2020-10-11;1441.16;1441.16;1;0;0;2;1;1;0;2;29000
230;2021;12;2306504;Itapiúna;Ceará;1;1;3333333;Instituto;1;1;1;falecidos_231;65506;65506;1;1979-10-28;2009-11-17;pens_231;65506;2;2011-10-28;2;2009-11-17;3698.37;3698.37;1;0;0;2;1;2;12;2;29000
231;2021;12;2306504;Itapiúna;Ceará;1;1;3333333;Instituto;1;1;1;falecidos_232;65507;65507;2;1985-11-17;2019-11-18;pens_232;65507;2;1983-12-21;1;2019-11-18;4533.48;4533.48;1;0;0;2;1;1;0;2;29000
232;2021;12;2306504;Itapiúna;Ceará;1;1;3333333;Instituto;1;1;2;falecidos_233;65508;65508;2;1953-11-17;2020-12-14;pens_233;65508;2;1979-10-24;1;2020-12-14;1637.23;1637.23;1;0;0;2;1;1;0;2;29000
233;2021;12;2306504;Itapiúna;Ceará;1;1;3333333;Instituto;1;1;2;falecidos_234;65509;65509;2;1955-11-18;1980-12-17;pens_234;65509;2;2015-12-20;2;1980-12-17;4137.871929824561;848.3;1;0;0;2;1;2;16;2;29000
234;2021;12;2306504;Itapiúna;Ceará;1;1;3333333;Instituto;1;1;2;falecidos_235;65510;65510;2;1983-11-19;2016-10-27;pens_235;65510;2;1979-11-24;1;2016-10-27;4568.67;4568.67;1;0;0;2;1;1;0;2;29000
235;2021;12;2306504;Itapiúna;Ceará;1;1;3333333;Instituto;1;1;1;falecidos_236;65511;65511;2;1965-10-21;2018-12-21;pens_236;65511;1;2010-11-13;2;2018-12-21;2987.61;2987.61;1;0;0;2;1;2;11;2;29000
236;2021;12;2306504;Itapiúna;Ceará;1;1;3333333;Instituto;1;1;2;falecidos_237;65512;65512;1;1985-11-11;2020-12-16;pens_237;65512;2;1984-10-28;1;2020-12-16;3634.94;3634.94;1;0;0;2;1;1;0;2;29000
237;2021;12;2306504;Itapiúna;Ceará;1;1;3333333;Instituto;1;1;1;falecidos_238;65513;65513;2;1984-12-16;2020-11-12;pens_238;65513;1;2013-11-19;2;2020-11-12;4137.871929824561;612.76;1;0;0;2;1;2;14;2;29000
238;2021;12;2306504;Itapiúna;Ceará;1;1;3333333;Instituto;1;1;2;falecidos_239;65514;65514;1;1965-12-27;2020-12-11;pens_239;65514;2;2012-11-17;2;2020-12-11;3398.59;3398.59;1;0;0;2;1;2;13;2;29000
239;2021;12;2306504;Itapiúna;Ceará;1;1;3333333;Instituto;1;1;2;falecidos_240;65515;65515;2;1986-11-20;2020-10-10;pens_240;65515;2;1971-11-20;1;2020-10-10;1552.16;1552.16;1;0;0;2;1;1;0;2;29000
240;2021;12;2306504;Itapiúna;Ceará;1;1;3333333;Instituto;1;1;2;falecidos_241;65516;65516;2;1955-10-25;2020-10-17;pens_241;65516;2;1980-12-21;1;2020-10-17;4386.18;4386.18;1;0;0;2;1;1;0;2;29000
241;2021;12;2306504;Itapiúna;Ceará;1;1;3333333;Instituto;1;1;1;falecidos_242;65517;65517;2;1982-12-28;2020-11-19;pens_242;65517;2;1989-11-14;1;2020-11-19;4103.22;4103.22;1;0;0;2;1;1;0;2;29000
242;2021;12;2306504;Itapiúna;Ceará;1;1;3333333;Instituto;1;1;2;falecidos_243;65518;65518;1;1990-10-14;2020-11-11;pens_243;65518;1;1975-10-22;1;2020-11-11;3514.67;3514.67;1;0;0;2;1;1;0;2;29000
243;2021;12;2306504;Itapiúna;Ceará;1;1;3333333;Instituto;1;1;2;falecidos_244;65519;65519;1;1972-12-18;2017-12-27;pens_244;65519;1;1984-11-15;1;2017-12-27;2261.05;2261.05;1;0;0;2;1;1;0;2;29000
244;2021;12;2306504;Itapiúna;Ceará;1;1;3333333;Instituto;1;1;2;falecidos_245;65520;65520;1;1969-12-14;2005-12-16;pens_245;65520;2;2010-11-20;2;2005-12-16;1647.7;1647.7;1;0;0;2;1;2;11;2;29000
245;2021;12;2306504;Itapiúna;Ceará;1;1;3333333;Instituto;1;1;1;falecidos_246;65521;65521;2;1951-12-18;2012-11-23;pens_246;65521;2;1975-12-11;1;2012-11-23;1854.17;1854.17;1;0;0;2;1;1;0;2;29000
246;2021;12;2306504;Itapiúna;Ceará;1;1;3333333;Instituto;1;1;1;falecidos_247;65522;65522;1;1966-10-21;1992-11-16;pens_247;65522;1;1979-12-14;1;1992-11-16;3727.77;3727.77;1;0;0;2;1;1;0;2;29000
247;2021;12;2306504;Itapiúna;Ceará;1;1;3333333;Instituto;1;1;2;falecidos_248;65523;65523;2;1975-10-22;2020-10-15;pens_248;65523;2;2011-11-11;2;2020-10-15;3731.34;3731.34;1;0;0;2;1;2;12;2;29000
248;2021;12;2306504;Itapiúna;Ceará;1;1;3333333;Instituto;1;1;2;falecidos_249;65524;65524;1;1959-11-21;2017-12-17;pens_249;65524;2;2010-10-10;2;2017-12-17;3627.252417582418;689.44;1;0;0;2;1;2;11;2;29000
249;2021;12;2306504;Itapiúna;Ceará;1;1;3333333;Instituto;1;1;2;falecidos_250;65525;65525;2;1966-12-10;2008-10-19;pens_250;65525;1;1972-10-12;1;2008-10-19;2464.14;2464.14;1;0;0;2;1;1;0;2;29000
250;2021;12;2306504;Itapiúna;Ceará;1;1;3333333;Instituto;1;1;1;falecidos_251;65526;65526;1;1959-11-27;1998-10-21;pens_251;65526;2;2014-12-16;2;1998-10-21;1742.2;1742.2;1;0;0;2;1;2;15;2;29000
251;2021;12;2306504;Itapiúna;Ceará;1;1;3333333;Instituto;1;1;2;falecidos_252;65527;65527;1;1973-11-17;2020-10-12;pens_252;65527;1;2015-11-11;2;2020-10-12;3970.5;3970.5;1;0;0;2;1;2;16;2;29000
252;2021;12;2306504;Itapiúna;Ceará;1;1;3333333;Instituto;1;1;2;falecidos_253;65528;65528;1;1986-12-24;2020-10-14;pens_253;65528;1;1977-12-16;1;2020-10-14;3677.2279207920787;1070.17;1;0;0;2;1;1;0;2;29000
253;2021;12;2306504;Itapiúna;Ceará;1;1;3333333;Instituto;1;1;2;falecidos_254;65529;65529;1;1962-12-17;2020-11-23;pens_254;65529;1;2012-12-22;2;2020-11-23;1986.88;1986.88;1;0;0;2;1;2;13;2;29000
254;2021;12;2306504;Itapiúna;Ceará;1;1;3333333;Instituto;1;1;1;falecidos_255;65530;65530;1;1967-11-16;2020-12-16;pens_255;65530;2;1989-12-23;1;2020-12-16;2017.73;2017.73;1;0;0;2;1;1;0;2;29000
255;2021;12;2306504;Itapiúna;Ceará;1;1;3333333;Instituto;1;1;2;falecidos_256;65531;65531;2;1965-11-24;2020-11-23;pens_256;65531;2;1989-10-18;1;2020-11-23;3638.77;3638.77;1;0;0;2;1;1;0;2;29000
256;2021;12;2306504;Itapiúna;Ceará;1;1;3333333;Instituto;1;1;1;falecidos_257;65532;65532;1;1976-10-14;2011-12-23;pens_257;65532;2;1970-11-26;1;2011-12-23;3058.97;3058.97;1;0;0;2;1;1;0;2;29000
257;2021;12;2306504;Itapiúna;Ceará;1;1;3333333;Instituto;1;1;1;falecidos_258;65533;65533;1;1966-11-17;2020-12-28;pens_258;65533;1;1978-11-24;1;2020-12-28;4805.79;4805.79;1;0;0;2;1;1;0;2;29000
258;2021;12;2306504;Itapiúna;Ceará;1;1;3333333;Instituto;1;1;1;falecidos_259;65534;65534;1;1953-12-19;2020-10-23;pens_259;65534;2;1979-12-25;1;2020-10-23;2693.69;2693.69;1;0;0;2;1;1;0;2;29000
259;2021;12;2306504;Itapiúna;Ceará;1;1;3333333;Instituto;1;1;2;falecidos_260;65535;65535;2;1951-10-21;2020-12-14;pens_260;65535;2;1982-12-13;1;2020-12-14;4205.95;4205.95;1;0;0;2;1;1;0;2;29000
260;2021;12;2306504;Itapiúna;Ceará;1;1;3333333;Instituto;1;1;1;falecidos_261;65536;65536;2;1953-12-18;2014-10-26;pens_261;65536;2;1982-11-13;1;2014-10-26;3479.55;3479.55;1;0;0;2;1;1;0;2;29000
261;2021;12;2306504;Itapiúna;Ceará;1;1;3333333;Instituto;1;1;2;falecidos_262;65537;65537;1;1966-11-15;2002-11-25;pens_262;65537;2;1984-12-27;1;2002-11-25;2123.45;2123.45;1;0;0;2;1;1;0;2;29000
262;2021;12;2306504;Itapiúna;Ceará;1;1;3333333;Instituto;1;1;1;falecidos_263;65538;65538;2;1960-10-14;1994-12-27;pens_263;65538;2;1971-11-16;1;1994-12-27;2709.13;2709.13;1;0;0;2;1;1;0;2;29000
263;2021;12;2306504;Itapiúna;Ceará;1;1;3333333;Instituto;1;1;2;falecidos_264;65539;65539;1;1954-10-10;2001-10-19;pens_264;65539;1;2014-12-10;2;2001-10-19;1984.37;1984.37;1;0;0;2;1;2;15;2;29000
264;2021;12;2306504;Itapiúna;Ceará;1;1;3333333;Instituto;1;1;2;falecidos_265;65540;65540;1;1963-11-15;2007-12-19;pens_265;65540;1;2013-10-27;2;2007-12-19;4429.66;4429.66;1;0;0;2;1;2;14;2;29000
265;2021;12;2306504;Itapiúna;Ceará;1;1;3333333;Instituto;1;1;2;falecidos_266;65541;65541;1;1986-12-23;2019-11-11;pens_266;65541;2;2012-10-20;2;2019-11-11;1729.09;1729.09;1;0;0;2;1;2;13;2;29000
266;2021;12;2306504;Itapiúna;Ceará;1;1;3333333;Instituto;1;1;2;falecidos_267;65542;65542;1;1963-11-20;2020-10-18;pens_267;65542;2;1976-11-20;1;2020-10-18;3268.57;3268.57;1;0;0;2;1;1;0;2;29000
267;2021;12;2306504;Itapiúna;Ceará;1;1;3333333;Instituto;1;1;1;falecidos_268;65543;65543;2;1983-10-13;2020-11-28;pens_268;65543;1;2013-10-23;2;2020-11-28;3320.56;3320.56;1;0;0;2;1;2;14;2;29000
268;2021;12;2306504;Itapiúna;Ceará;1;1;3333333;Instituto;1;1;1;falecidos_269;65544;65544;1;1952-10-16;1978-12-17;pens_269;65544;1;2014-10-26;2;1978-12-17;2137.09;2137.09;1;0;0;2;1;2;15;2;29000
269;2021;12;2306504;Itapiúna;Ceará;1;1;3333333;Instituto;1;1;1;falecidos_270;65545;65545;2;1952-10-18;2007-12-23;pens_270;65545;2;2015-12-23;2;2007-12-23;4272.77;4272.77;1;0;0;2;1;2;16;2;29000
270;2021;12;2306504;Itapiúna;Ceará;1;1;3333333;Instituto;1;1;2;falecidos_271;65546;65546;1;1954-11-21;1987-10-15;pens_271;65546;2;2015-12-12;2;1987-10-15;4526.07;4526.07;1;0;0;2;1;2;16;2;29000
271;2021;12;2306504;Itapiúna;Ceará;1;1;3333333;Instituto;1;1;1;falecidos_272;65547;65547;1;1969-11-20;2002-12-16;pens_272;65547;2;1976-11-16;1;2002-12-16;1990.73;1990.73;1;0;0;2;1;1;0;2;29000
272;2021;12;2306504;Itapiúna;Ceará;1;1;3333333;Instituto;1;1;2;falecidos_273;65548;65548;2;1982-12-17;2018-12-27;pens_273;65548;2;2015-12-11;2;2018-12-27;6031.98;6031.98;1;0;0;2;1;2;16;2;29000
273;2021;12;2306504;Itapiúna;Ceará;1;1;3333333;Instituto;1;1;1;falecidos_274;65549;65549;1;1957-11-10;2020-11-21;pens_274;65549;1;2015-10-10;2;2020-11-21;3846.75;3846.75;1;0;0;2;1;2;16;2;29000
274;2021;12;2306504;Itapiúna;Ceará;1;1;3333333;Instituto;1;1;2;falecidos_275;65550;65550;2;1972-10-15;2020-12-11;pens_275;65550;1;1981-11-10;1;2020-12-11;5884.59;5884.59;1;0;0;2;1;1;0;2;29000
275;2021;12;2306504;Itapiúna;Ceará;1;1;3333333;Instituto;1;1;2;falecidos_276;65551;65551;1;1957-12-16;1988-10-18;pens_276;65551;2;1973-11-16;1;1988-10-18;3379.88;3379.88;1;0;0;2;1;1;0;2;29000
276;2021;12;2306504;Itapiúna;Ceará;1;1;3333333;Instituto;1;1;2;falecidos_277;65552;65552;2;1978-11-10;2020-11-14;pens_277;65552;2;1970-12-28;1;2020-11-14;4406.39;4406.39;1;0;0;2;1;1;0;2;29000
277;2021;12;2306504;Itapiúna;Ceará;1;1;3333333;Instituto;1;1;2;falecidos_278;65553;65553;1;1973-12-11;2020-11-20;pens_278;65553;2;2015-12-15;2;2020-11-20;2401.68;2401.68;1;0;0;2;1;2;16;2;29000
278;2021;12;2306504;Itapiúna;Ceará;1;1;3333333;Instituto;1;1;1;falecidos_279;65554;65554;2;1968-12-22;2020-11-22;pens_279;65554;2;1981-11-19;1;2020-11-22;4341.39;4341.39;1;0;0;2;1;1;0;2;29000
279;2021;12;2306504;Itapiúna;Ceará;1;1;3333333;Instituto;1;1;2;falecidos_280;65555;65555;2;1973-11-20;2020-11-25;pens_280;65555;1;2015-11-23;2;2020-11-25;4985.3;4985.3;1;0;0;2;1;2;16;2;29000
280;2021;12;2306504;Itapiúna;Ceará;1;1;3333333;Instituto;1;1;1;falecidos_281;65556;65556;1;1973-10-13;2020-11-20;pens_281;65556;2;1972-11-20;1;2020-11-20;2458.84;2458.84;1;0;0;2;1;1;0;2;29000
281;2021;12;2306504;Itapiúna;Ceará;1;1;3333333;Instituto;1;1;1;falecidos_282;65557;65557;2;1955-10-28;1980-12-22;pens_282;65557;2;1981-10-22;1;1980-12-22;2678.71;2678.71;1;0;0;2;1;1;0;2;29000
282;2021;12;2306504;Itapiúna;Ceará;1;1;3333333;Instituto;1;1;1;falecidos_283;65558;65558;1;1973-11-19;2020-10-26;pens_283;65558;1;1971-12-17;1;2020-10-26;2571.43;2571.43;1;0;0;2;1;1;0;2;29000
283;2021;12;2306504;Itapiúna;Ceará;1;1;3333333;Instituto;1;1;2;falecidos_284;65559;65559;1;1962-11-24;1992-12-19;pens_284;65559;2;1974-12-25;1;1992-12-19;4347.31;4347.31;1;0;0;2;1;1;0;2;29000
284;2021;12;2306504;Itapiúna;Ceará;1;1;3333333;Instituto;1;1;2;falecidos_285;65560;65560;1;1964-11-11;2002-12-24;pens_285;65560;1;2014-12-26;2;2002-12-24;2182.98;2182.98;1;0;0;2;1;2;15;2;29000
285;2021;12;2306504;Itapiúna;Ceará;1;1;3333333;Instituto;1;1;2;falecidos_286;65561;65561;1;1989-11-15;2020-12-11;pens_286;65561;2;2014-11-22;2;2020-12-11;3451.17;3451.17;1;0;0;2;1;2;15;2;29000
286;2021;12;2306504;Itapiúna;Ceará;1;1;3333333;Instituto;1;1;1;falecidos_287;65562;65562;1;1967-10-12;2020-12-14;pens_287;65562;2;2015-11-27;2;2020-12-14;2411.81;2411.81;1;0;0;2;1;2;16;2;29000
287;2021;12;2306504;Itapiúna;Ceará;1;1;3333333;Instituto;1;1;1;falecidos_288;65563;65563;1;1978-11-28;2020-10-24;pens_288;65563;1;2015-11-16;2;2020-10-24;4467.3;4467.3;1;0;0;2;1;2;16;2;29000
288;2021;12;2306504;Itapiúna;Ceará;1;1;3333333;Instituto;1;1;1;falecidos_289;65564;65564;1;1964-11-16;2005-12-23;pens_289;65564;2;1971-12-18;1;2005-12-23;3961.28;3961.28;1;0;0;2;1;1;0;2;29000
289;2021;12;2306504;Itapiúna;Ceará;1;1;3333333;Instituto;1;1;1;falecidos_290;65565;65565;2;1973-10-11;2020-10-19;pens_290;65565;1;2014-11-26;2;2020-10-19;5812.17;5812.17;1;0;0;2;1;2;15;2;29000
290;2021;12;2306504;Itapiúna;Ceará;1;1;3333333;Instituto;1;1;2;falecidos_291;65566;65566;1;1982-12-18;2020-11-18;pens_291;65566;1;2015-12-21;2;2020-11-18;4028.55;4028.55;1;0;0;2;1;2;16;2;29000
291;2021;12;2306504;Itapiúna;Ceará;1;1;3333333;Instituto;1;1;2;falecidos_292;65567;65567;2;1988-12-19;2014-10-19;pens_292;65567;1;1972-12-15;1;2014-10-19;5535.86;5535.86;1;0;0;2;1;1;0;2;29000
292;2021;12;2306504;Itapiúna;Ceará;1;1;3333333;Instituto;1;1;1;falecidos_293;65568;65568;1;1965-11-14;2020-12-25;pens_293;65568;1;1979-10-24;1;2020-12-25;3253.63;3253.63;1;0;0;2;1;1;0;2;29000
293;2021;12;2306504;Itapiúna;Ceará;1;1;3333333;Instituto;1;1;2;falecidos_294;65569;65569;1;1961-10-12;2020-12-27;pens_294;65569;1;2014-11-13;2;2020-12-27;4404.7;4404.7;1;0;0;2;1;2;15;2;29000
294;2021;12;2306504;Itapiúna;Ceará;1;1;3333333;Instituto;1;1;2;falecidos_295;65570;65570;2;1961-10-24;1998-11-16;pens_295;65570;1;1974-11-22;1;1998-11-16;5127.38;5127.38;1;0;0;2;1;1;0;2;29000
295;2021;12;2306504;Itapiúna;Ceará;1;1;3333333;Instituto;1;1;1;falecidos_296;65571;65571;2;1971-10-12;2020-12-10;pens_296;65571;1;2015-11-17;2;2020-12-10;4226.69;4226.69;1;0;0;2;1;2;16;2;29000
296;2021;12;2306504;Itapiúna;Ceará;1;1;3333333;Instituto;1;1;1;falecidos_297;65572;65572;2;1978-10-15;2020-11-28;pens_297;65572;1;2011-10-11;2;2020-11-28;3470.79;3470.79;1;0;0;2;1;2;12;2;29000
297;2021;12;2306504;Itapiúna;Ceará;1;1;3333333;Instituto;1;1;1;falecidos_298;65573;65573;1;1959-11-28;2020-10-21;pens_298;65573;2;1978-12-11;1;2020-10-21;5024.5;5024.5;1;0;0;2;1;1;0;2;29000
298;2021;12;2306504;Itapiúna;Ceará;1;1;3333333;Instituto;1;1;1;falecidos_299;65574;65574;2;1989-12-28;2014-12-28;pens_299;65574;1;2011-11-24;2;2014-12-28;3785.98;3785.98;1;0;0;2;1;2;12;2;29000
299;2021;12;2306504;Itapiúna;Ceará;1;1;3333333;Instituto;1;1;2;falecidos_300;65575;65575;1;1984-11-25;2020-10-20;pens_300;65575;1;2013-12-19;2;2020-10-20;4273.16;4273.16;1;0;0;2;1;2;14;2;29000
300;2021;12;2306504;Itapiúna;Ceará;1;1;3333333;Instituto;1;1;2;falecidos_301;65576;65576;2;1980-11-20;2020-12-16;pens_301;65576;1;2010-10-28;2;2020-12-16;3683.08;3683.08;1;0;0;2;1;2;11;2;29000
301;2021;12;2306504;Itapiúna;Ceará;1;1;3333333;Instituto;1;1;2;falecidos_302;65577;65577;1;1981-11-10;2006-10-18;pens_302;65577;2;1984-11-28;1;2006-10-18;6079.01;6079.01;1;0;0;2;1;1;0;2;29000
302;2021;12;2306504;Itapiúna;Ceará;1;1;3333333;Instituto;1;1;2;falecidos_303;65578;65578;1;1972-11-22;2020-11-11;pens_303;65578;1;2015-10-14;2;2020-11-11;2717.43;2717.43;1;0;0;2;1;2;16;2;29000
303;2021;12;2306504;Itapiúna;Ceará;1;1;3333333;Instituto;1;1;2;falecidos_304;65579;65579;1;1972-10-22;2020-12-20;pens_304;65579;1;2013-10-12;2;2020-12-20;2831.51;2831.51;1;0;0;2;1;2;14;2;29000
304;2021;12;2306504;Itapiúna;Ceará;1;1;3333333;Instituto;1;1;1;falecidos_305;65580;65580;2;1962-10-21;2007-10-19;pens_305;65580;2;2015-12-25;2;2007-10-19;4201.29;4201.29;1;0;0;2;1;2;16;2;29000
305;2021;12;2306504;Itapiúna;Ceará;1;1;3333333;Instituto;1;1;1;falecidos_306;65581;65581;1;1950-11-16;2020-11-20;pens_306;65581;2;2011-12-20;2;2020-11-20;3186.48;3186.48;1;0;0;2;1;2;12;2;29000
306;2021;12;2306504;Itapiúna;Ceará;1;1;3333333;Instituto;1;1;2;falecidos_307;65582;65582;1;1959-11-10;2020-10-28;pens_307;65582;1;2013-11-27;2;2020-10-28;2954.16;2954.16;1;0;0;2;1;2;14;2;29000
307;2021;12;2306504;Itapiúna;Ceará;1;1;3333333;Instituto;1;1;1;falecidos_308;65583;65583;1;1985-10-19;2020-12-10;pens_308;65583;1;1971-11-12;1;2020-12-10;4873.63;4873.63;1;0;0;2;1;1;0;2;29000
308;2021;12;2306504;Itapiúna;Ceará;1;1;3333333;Instituto;1;1;1;falecidos_309;65584;65584;2;1976-10-27;2019-12-15;pens_309;65584;2;1973-12-23;1;2019-12-15;3860.58;3860.58;1;0;0;2;1;1;0;2;29000
309;2021;12;2306504;Itapiúna;Ceará;1;1;3333333;Instituto;1;1;1;falecidos_310;65585;65585;2;1973-11-25;2020-12-19;pens_310;65585;2;2014-12-10;2;2020-12-19;2117.34;2117.34;1;0;0;2;1;2;15;2;29000
310;2021;12;2306504;Itapiúna;Ceará;1;1;3333333;Instituto;1;1;2;falecidos_311;65586;65586;2;1978-12-11;2016-11-15;pens_311;65586;2;2014-11-15;2;2016-11-15;3878.87;3878.87;1;0;0;2;1;2;15;2;29000
311;2021;12;2306504;Itapiúna;Ceará;1;1;3333333;Instituto;1;1;2;falecidos_312;65587;65587;2;1971-10-25;2005-10-19;pens_312;65587;2;1985-10-19;1;2005-10-19;3505.9;3505.9;1;0;0;2;1;1;0;2;29000
312;2021;12;2306504;Itapiúna;Ceará;1;1;3333333;Instituto;1;1;2;falecidos_313;65588;65588;1;1972-11-28;2006-10-23;pens_313;65588;1;1983-10-20;1;2006-10-23;4260.01;4260.01;1;0;0;2;1;1;0;2;29000
313;2021;12;2306504;Itapiúna;Ceará;1;1;3333333;Instituto;1;1;2;falecidos_314;65589;65589;1;1963-12-14;2020-10-14;pens_314;65589;2;1982-10-24;1;2020-10-14;4860.62;4860.62;1;0;0;2;1;1;0;2;29000
314;2021;12;2306504;Itapiúna;Ceará;1;1;3333333;Instituto;1;1;2;falecidos_315;65590;65590;1;1987-12-22;2020-10-16;pens_315;65590;1;1979-12-20;1;2020-10-16;2394.4;2394.4;1;0;0;2;1;1;0;2;29000
315;2021;12;2306504;Itapiúna;Ceará;1;1;3333333;Instituto;1;1;2;falecidos_316;65591;65591;1;1985-10-10;2020-11-16;pens_316;65591;2;2013-11-20;2;2020-11-16;6400.42;6400.42;1;0;0;2;1;2;14;2;29000
316;2021;12;2306504;Itapiúna;Ceará;1;1;3333333;Instituto;1;1;1;falecidos_317;65592;65592;2;1968-10-24;2020-10-11;pens_317;65592;1;2012-11-18;2;2020-10-11;1321.88;1321.88;1;0;0;2;1;2;13;2;29000
317;2021;12;2306504;Itapiúna;Ceará;1;1;3333333;Instituto;1;1;2;falecidos_318;65593;65593;1;1955-12-23;2020-10-10;pens_318;65593;2;2014-11-20;2;2020-10-10;3900.64;3900.64;1;0;0;2;1;2;15;2;29000
318;2021;12;2306504;Itapiúna;Ceará;1;1;3333333;Instituto;1;1;2;falecidos_319;65594;65594;1;1980-10-17;2020-11-25;pens_319;65594;1;2011-10-28;2;2020-11-25;3627.252417582418;603.79;1;0;0;2;1;2;12;2;29000
319;2021;12;2306504;Itapiúna;Ceará;1;1;3333333;Instituto;1;1;2;falecidos_320;65595;65595;1;1972-11-10;2020-10-10;pens_320;65595;2;1970-12-23;1;2020-10-10;4157.18;4157.18;1;0;0;2;1;1;0;2;29000
320;2021;12;2306504;Itapiúna;Ceará;1;1;3333333;Instituto;1;1;2;falecidos_321;65596;65596;2;1968-11-27;2020-12-26;pens_321;65596;2;2014-12-17;2;2020-12-26;6392.63;6392.63;1;0;0;2;1;2;15;2;29000
321;2021;12;2306504;Itapiúna;Ceará;1;1;3333333;Instituto;1;1;2;falecidos_322;65597;65597;2;1955-11-18;1990-10-11;pens_322;65597;2;2013-12-28;2;1990-10-11;3415.81;3415.81;1;0;0;2;1;2;14;2;29000
322;2021;12;2306504;Itapiúna;Ceará;1;1;3333333;Instituto;1;1;1;falecidos_323;65598;65598;1;1951-10-18;2018-10-27;pens_323;65598;2;2015-12-23;2;2018-10-27;2967.37;2967.37;1;0;0;2;1;2;16;2;29000
323;2021;12;2306504;Itapiúna;Ceará;1;1;3333333;Instituto;1;1;2;falecidos_324;65599;65599;2;1973-12-21;2020-10-17;pens_324;65599;2;1971-12-22;1;2020-10-17;3743.0549333333342;963.27;1;0;0;2;1;1;0;2;29000
324;2021;12;2306504;Itapiúna;Ceará;1;1;3333333;Instituto;1;1;1;falecidos_325;65600;65600;2;1962-11-24;2020-12-20;pens_325;65600;1;2012-10-13;2;2020-12-20;2501.41;2501.41;1;0;0;2;1;2;13;2;29000
325;2021;12;2306504;Itapiúna;Ceará;1;1;3333333;Instituto;1;1;1;falecidos_326;65601;65601;1;1979-10-10;2018-12-11;pens_326;65601;2;2010-12-26;2;2018-12-11;3633.25;3633.25;1;0;0;2;1;2;11;2;29000
326;2021;12;2306504;Itapiúna;Ceará;1;1;3333333;Instituto;1;1;2;falecidos_327;65602;65602;2;1954-10-10;2007-10-28;pens_327;65602;2;1987-11-27;1;2007-10-28;5820.47;5820.47;1;0;0;2;1;1;0;2;29000
327;2021;12;2306504;Itapiúna;Ceará;1;1;3333333;Instituto;1;1;2;falecidos_328;65603;65603;1;1956-10-12;2020-10-25;pens_328;65603;2;2012-11-12;2;2020-10-25;6343.31;6343.31;1;0;0;2;1;2;13;2;29000
328;2021;12;2306504;Itapiúna;Ceará;1;1;3333333;Instituto;1;1;1;falecidos_329;65604;65604;2;1987-12-17;2020-12-20;pens_329;65604;2;1976-12-18;1;2020-12-20;6423.49;6423.49;1;0;0;2;1;1;0;2;29000
329;2021;12;2306504;Itapiúna;Ceará;1;1;3333333;Instituto;1;1;2;falecidos_330;65605;65605;1;1976-12-20;2020-10-14;pens_330;65605;2;1983-12-22;1;2020-10-14;4720.59;4720.59;1;0;0;2;1;1;0;2;29000
330;2021;12;2306504;Itapiúna;Ceará;1;1;3333333;Instituto;1;1;1;falecidos_331;65606;65606;1;1972-11-19;2020-10-19;pens_331;65606;2;2012-10-18;2;2020-10-19;3664.05;3664.05;1;0;0;2;1;2;13;2;29000
331;2021;12;2306504;Itapiúna;Ceará;1;1;3333333;Instituto;1;1;1;falecidos_332;65607;65607;2;1964-12-11;2019-12-10;pens_332;65607;1;1977-11-17;1;2019-12-10;2912.7;2912.7;1;0;0;2;1;1;0;2;29000
332;2021;12;2306504;Itapiúna;Ceará;1;1;3333333;Instituto;1;1;2;falecidos_333;65608;65608;1;1964-12-26;2020-10-17;pens_333;65608;2;1971-11-13;1;2020-10-17;3677.2279207920787;680.57;1;0;0;2;1;1;0;2;29000
333;2021;12;2306504;Itapiúna;Ceará;1;1;3333333;Instituto;1;1;2;falecidos_334;65609;65609;1;1957-11-28;2006-10-15;pens_334;65609;2;1990-11-27;1;2006-10-15;6131.34;6131.34;1;0;0;2;1;1;0;2;29000
334;2021;12;2306504;Itapiúna;Ceará;1;1;3333333;Instituto;1;1;2;falecidos_335;65610;65610;1;1957-10-19;1994-12-15;pens_335;65610;1;2015-12-28;2;1994-12-15;2403.01;2403.01;1;0;0;2;1;2;16;2;29000
335;2021;12;2306504;Itapiúna;Ceará;1;1;3333333;Instituto;1;1;2;falecidos_336;65611;65611;1;1959-11-17;2020-11-27;pens_336;65611;1;2015-11-16;2;2020-11-27;1759.14;1759.14;1;0;0;2;1;2;16;2;29000
336;2021;12;2306504;Itapiúna;Ceará;1;1;3333333;Instituto;1;1;2;falecidos_337;65612;65612;1;1990-10-27;2020-12-10;pens_337;65612;2;2012-10-14;2;2020-12-10;4459.71;4459.71;1;0;0;2;1;2;13;2;29000
337;2021;12;2306504;Itapiúna;Ceará;1;1;3333333;Instituto;1;1;1;falecidos_338;65613;65613;1;1978-12-15;2020-10-19;pens_338;65613;1;2012-10-12;2;2020-10-19;2001.93;2001.93;1;0;0;2;1;2;13;2;29000
338;2021;12;2306504;Itapiúna;Ceará;1;1;3333333;Instituto;1;1;2;falecidos_339;65614;65614;1;1972-10-16;2005-11-20;pens_339;65614;1;2015-11-22;2;2005-11-20;3127.18;3127.18;1;0;0;2;1;2;16;2;29000
339;2021;12;2306504;Itapiúna;Ceará;1;1;3333333;Instituto;1;1;2;falecidos_340;65615;65615;2;1987-10-13;2013-11-22;pens_340;65615;1;2012-10-27;2;2013-11-22;6568.45;6568.45;1;0;0;2;1;2;13;2;29000
340;2021;12;2306504;Itapiúna;Ceará;1;1;3333333;Instituto;1;1;1;falecidos_341;65616;65616;2;1970-11-26;1998-12-21;pens_341;65616;1;2014-12-17;2;1998-12-21;6234.27;6234.27;1;0;0;2;1;2;15;2;29000
341;2021;12;2306504;Itapiúna;Ceará;1;1;3333333;Instituto;1;1;1;falecidos_342;65617;65617;2;1975-11-26;2020-11-11;pens_342;65617;2;2015-11-16;2;2020-11-11;3468.1;3468.1;1;0;0;2;1;2;16;2;29000
342;2021;12;2306504;Itapiúna;Ceará;1;1;3333333;Instituto;1;1;2;falecidos_343;65618;65618;2;1971-11-16;2020-11-20;pens_343;65618;1;2015-11-18;2;2020-11-20;4103.37;4103.37;1;0;0;2;1;2;16;2;29000
343;2021;12;2306504;Itapiúna;Ceará;1;1;3333333;Instituto;1;1;1;falecidos_344;65619;65619;1;1977-12-20;2020-10-10;pens_344;65619;2;2013-10-21;2;2020-10-10;4034.95;4034.95;1;0;0;2;1;2;14;2;29000
